-- phpMyAdmin SQL Dump
-- version 4.8.0
-- https://www.phpmyadmin.net/
--
-- Host: 127.0.0.1
-- Generation Time: Aug 12, 2019 at 04:31 PM
-- Server version: 10.1.31-MariaDB
-- PHP Version: 5.6.35

SET SQL_MODE = "NO_AUTO_VALUE_ON_ZERO";
SET AUTOCOMMIT = 0;
START TRANSACTION;
SET time_zone = "+00:00";


/*!40101 SET @OLD_CHARACTER_SET_CLIENT=@@CHARACTER_SET_CLIENT */;
/*!40101 SET @OLD_CHARACTER_SET_RESULTS=@@CHARACTER_SET_RESULTS */;
/*!40101 SET @OLD_COLLATION_CONNECTION=@@COLLATION_CONNECTION */;
/*!40101 SET NAMES utf8mb4 */;

--
-- Database: `projectdb`
--

-- --------------------------------------------------------

--
-- Table structure for table `assign`
--

CREATE TABLE `assign` (
  `ProId` int(11) NOT NULL,
  `Id` int(11) NOT NULL,
  `CId` int(11) DEFAULT NULL,
  `SId` int(11) NOT NULL,
  `SubId` int(11) DEFAULT NULL,
  `DId` int(11) DEFAULT '0',
  `SType` varchar(250) COLLATE ascii_bin DEFAULT NULL
) ENGINE=InnoDB DEFAULT CHARSET=ascii COLLATE=ascii_bin;

--
-- Dumping data for table `assign`
--

INSERT INTO `assign` (`ProId`, `Id`, `CId`, `SId`, `SubId`, `DId`, `SType`) VALUES
(1, 1, 1, 4, 1, 2, 'morning'),
(2, 2, 2, 4, 2, 1, 'morning'),
(3, 2, 2, 20, 1, 1, 'full'),
(4, 2, 2, 4, 3, 1, 'evening'),
(5, 1, 1, 4, 4, 2, 'evening'),
(6, 1, 1, 25, 1, 2, 'full'),
(10, 1, 4, 15, 1, 5, 'full'),
(11, 1, 5, 1, 1, 8, 'morning'),
(12, 1, 6, 1, 2, 0, 'morning');

-- --------------------------------------------------------

--
-- Table structure for table `car`
--

CREATE TABLE `car` (
  `CId` int(11) NOT NULL,
  `CNo` varchar(250) COLLATE ascii_bin NOT NULL,
  `Type` varchar(250) COLLATE ascii_bin NOT NULL,
  `Model` varchar(250) COLLATE ascii_bin NOT NULL,
  `NoOfSeats` varchar(250) COLLATE ascii_bin NOT NULL,
  `Coordinate` varchar(250) COLLATE ascii_bin DEFAULT NULL,
  `Color` varchar(50) COLLATE ascii_bin NOT NULL DEFAULT 'Black',
  `Photo` varchar(250) COLLATE ascii_bin NOT NULL
) ENGINE=InnoDB DEFAULT CHARSET=ascii COLLATE=ascii_bin;

--
-- Dumping data for table `car`
--

INSERT INTO `car` (`CId`, `CNo`, `Type`, `Model`, `NoOfSeats`, `Coordinate`, `Color`, `Photo`) VALUES
(1, '2G-5822', 'luxury', 'Honda Fit', '6', '10706382.47578646,1902230.2075446448', 'Yellow', 'Uploads/cc1234.jpg'),
(2, '4K/5794', 'MINI Bus(4*2)(L)', 'Alphat', '13', '10706391.357892053,1902233.9763489824', 'White', 'Uploads/4k5794.png'),
(4, 'CC/567777', 'luxury', 'Fielder', '6', '10706381.786044104,1902233.1302544465', 'Blue', 'Uploads/cc567777.jpg'),
(5, 'B2-1234', 'luxury', 'Fielder', '6', '10706379.118804305,1902233.72634975', 'red', 'Uploads/car4.jpeg'),
(6, '2G-5822', 'luxury', 'Honda Fit', '8', NULL, 'Yellow', 'Uploads/car5.PNG');

-- --------------------------------------------------------

--
-- Table structure for table `driver`
--

CREATE TABLE `driver` (
  `DId` int(11) NOT NULL,
  `DName` varchar(250) COLLATE ascii_bin NOT NULL,
  `Email` varchar(250) COLLATE ascii_bin NOT NULL,
  `NRC` varchar(250) COLLATE ascii_bin NOT NULL,
  `LicenseNo` varchar(250) COLLATE ascii_bin NOT NULL,
  `YearOfExp` int(11) DEFAULT NULL,
  `DateOfBirth` varchar(250) COLLATE ascii_bin NOT NULL,
  `PhoneNo` varchar(250) COLLATE ascii_bin NOT NULL,
  `Address` varchar(250) COLLATE ascii_bin DEFAULT NULL,
  `Photo` varchar(250) COLLATE ascii_bin DEFAULT NULL,
  `AverageRating` float NOT NULL,
  `DPassword` varchar(250) COLLATE ascii_bin NOT NULL,
  `Dforgotidentity` varchar(250) COLLATE ascii_bin DEFAULT NULL,
  `Dcreated` datetime NOT NULL,
  `Dmodified` datetime NOT NULL
) ENGINE=InnoDB DEFAULT CHARSET=ascii COLLATE=ascii_bin;

--
-- Dumping data for table `driver`
--

INSERT INTO `driver` (`DId`, `DName`, `Email`, `NRC`, `LicenseNo`, `YearOfExp`, `DateOfBirth`, `PhoneNo`, `Address`, `Photo`, `AverageRating`, `DPassword`, `Dforgotidentity`, `Dcreated`, `Dmodified`) VALUES
(1, 'Mg Zaw Tun', 'mgzawtun123@gmail.com', '11/YABANA(N)020553', 'B/09151/19', 3, '1987-03-04', '09786543212', 'Yangon', 'Uploads/D45.jpeg', 1.5, 'mgzawtun123', NULL, '0000-00-00 00:00:00', '0000-00-00 00:00:00'),
(2, 'U Myo Thant', 'myothant123@gmail.com', '12/TAMANA(N)887364', 'b/02652/19', 5, '', '0997724597', 'No(43) Room3 A Thudatana 1st street Tamwe', 'Uploads/d2.jpg', 4.61538, 'drivermt123', NULL, '0000-00-00 00:00:00', '0000-00-00 00:00:00'),
(5, 'Mg Zaw', 'mgzaw123@gmail.com', '12/thakata(C)876543', 'C-1123', 4, '7/3/1999', '09786565656', 'Yangon', 'Uploads/D63.jpg', 60, 'mgzaw12234', NULL, '0000-00-00 00:00:00', '0000-00-00 00:00:00'),
(6, 'Mg Kyaw Min', 'kyawmin123@gmail.com', 'D/12345/28', 'd3/7689', 5, '6/3/1982', '09784564321', 'DawPone,Tharkayta', 'Uploads/dnew.jpg', 0, 'kyawmin123', NULL, '0000-00-00 00:00:00', '0000-00-00 00:00:00'),
(8, 'New', 'konew@gmail.com', '12/thakata(c)345678', 'b/12652/19', 1, '1887-09-09', '09786543212', 'Yangon', 'Uploads/dnew.jpg', 0, 'konew123', NULL, '0000-00-00 00:00:00', '0000-00-00 00:00:00');

-- --------------------------------------------------------

--
-- Table structure for table `lang`
--

CREATE TABLE `lang` (
  `val` varchar(11) NOT NULL
) ENGINE=InnoDB DEFAULT CHARSET=latin1;

--
-- Dumping data for table `lang`
--

INSERT INTO `lang` (`val`) VALUES
('1');

-- --------------------------------------------------------

--
-- Table structure for table `owner`
--

CREATE TABLE `owner` (
  `Id` int(11) NOT NULL,
  `OName` varchar(250) COLLATE ascii_bin NOT NULL,
  `Email` varchar(250) COLLATE ascii_bin NOT NULL,
  `NRC` varchar(250) COLLATE ascii_bin NOT NULL,
  `DateOfBirth` varchar(250) COLLATE ascii_bin NOT NULL,
  `PhoneNo` varchar(250) COLLATE ascii_bin NOT NULL,
  `Address` varchar(250) COLLATE ascii_bin DEFAULT NULL,
  `OPassword` varchar(250) COLLATE ascii_bin NOT NULL,
  `Photo` varchar(250) COLLATE ascii_bin DEFAULT NULL,
  `Oforgotidentity` varchar(250) COLLATE ascii_bin DEFAULT NULL,
  `Ocreated` datetime NOT NULL,
  `Omodified` datetime(6) NOT NULL
) ENGINE=InnoDB DEFAULT CHARSET=ascii COLLATE=ascii_bin;

--
-- Dumping data for table `owner`
--

INSERT INTO `owner` (`Id`, `OName`, `Email`, `NRC`, `DateOfBirth`, `PhoneNo`, `Address`, `OPassword`, `Photo`, `Oforgotidentity`, `Ocreated`, `Omodified`) VALUES
(1, 'U Myo Thant', 'myothant123@gmail.com', '14/Kamaya(C)123456', '1986-05-02', '09383783123', 'Yangon', 'myothant123', 'Uploads/O79.jpg', '5078dffcd235081598789e5acb281391', '0000-00-00 00:00:00', '0000-00-00 00:00:00.000000'),
(2, 'U Sayar Cho', 'sayarcho123@gmail.com', '12/KAMAYA(N)985634', '1989-02-03', '09257001562', 'No(32) Alone street Alone', 'sayarcho123', 'Uploads/O2.png', NULL, '0000-00-00 00:00:00', '0000-00-00 00:00:00.000000'),
(3, 'U New', 'myomyokhant4@gmail.com', '13/Thakata(C)435678', '2222-01-02', '09425678907', 'No(18) Yangon', 'new123456', NULL, 'eaa352544f26bd8a528a12badad22215', '0000-00-00 00:00:00', '2019-08-09 06:58:17.000000'),
(4, 'Ko Ko', 'koko123@gmail.com', '7/manyana(N)302940', '2000-08-13', '09982347923', 'Yangon', '123456', NULL, NULL, '0000-00-00 00:00:00', '0000-00-00 00:00:00.000000');

-- --------------------------------------------------------

--
-- Table structure for table `parent`
--

CREATE TABLE `parent` (
  `PId` int(11) NOT NULL,
  `PName` varchar(250) COLLATE ascii_bin NOT NULL,
  `PNRC` varchar(250) COLLATE ascii_bin NOT NULL,
  `Feedback` varchar(250) COLLATE ascii_bin NOT NULL,
  `Rating` int(11) NOT NULL
) ENGINE=InnoDB DEFAULT CHARSET=ascii COLLATE=ascii_bin;

--
-- Dumping data for table `parent`
--

INSERT INTO `parent` (`PId`, `PName`, `PNRC`, `Feedback`, `Rating`) VALUES
(1, 'U Ba', '12/TAGAKA(N)000252', '', 0),
(2, 'U Kyaw Kyaw', '12/KAMAYA(N)987232', '', 0),
(3, 'U Tun Tun', '12/TAMANA(N)987234', '', 0),
(4, 'U Zaw Zaw', '12/BAHANA(N)241873', '', 0),
(5, 'U Aung Aung', '12/TAMANA(N)983424', '', 0),
(6, 'Daw Aye Aye', '12/TAGAKA(N)983214', '', 0),
(7, 'Daw Mya Mya', '12/TAGAKA(N)874287', '', 0),
(8, 'Daw Myo Myo', '12/TAGAKA(N)873132', '', 0),
(9, 'U Arkar', '12/TAGATA(N)987324', '', 0),
(10, 'Daw Hlaing Hlaing', '12/TAGAKA(N)8734128', '', 0),
(11, 'Daw Khine Khine', '12/YAKAMA(N)879342', '', 0),
(12, 'U Soe Soe', '12/TAGAKA(N)342768', '', 0),
(13, 'U Thuta', '12/YAKAMA(N)987421', '', 0),
(14, 'Daw Thet Thet', '12/TAMANA(N)2387622', '', 0),
(15, 'Daw Thein Thein', '12/YAKANA(N)887321', '', 0),
(16, 'U Thiha', '12/TAKAGA(N)1222387', '', 0),
(17, 'U Naing Naing', '12/TAMANA(N)423882', '', 0),
(18, 'Daw Myat Myat', '12/TAGAKA(N)443287', '', 0),
(19, 'Daw Myint Myint', '12/TAMANA(N)123776', '', 0),
(20, 'Chan Min Aung', '12/TAGAKA(N)0094211', '', 0),
(24, 'aaaa', 'aaaa', '', 0),
(25, 'U Arkar', '12/kamaya(C) 123456', '', 0),
(27, 'CMK', '13/kamaya(C)678907', '', 0),
(28, 'U zayar', '15/thakata(C)345334', '', 0),
(36, 'U New', '12/thakata(c)345678', '', 0),
(37, 'U New', '12/thakata(c)345678', '', 0),
(39, 'U Ba', '7/TaMaNa(V)098765', '', 0),
(40, '', '', '', 0),
(41, '', '', '', 0),
(42, 'U New', '12/thakata(C)234567', '', 0),
(43, 'u new', '12/thakata(c)345678', '', 0),
(44, 'u new', '12/thakata(c)345678', '', 0),
(45, 'u new', '12/thakata(c)345678', '', 0),
(46, 'Daw Thuta ', '12/kamaya(C)123456', '', 0);

-- --------------------------------------------------------

--
-- Table structure for table `pickup`
--

CREATE TABLE `pickup` (
  `ProId` int(11) NOT NULL,
  `StuId` int(11) NOT NULL,
  `Month` int(11) NOT NULL,
  `Day1` varchar(250) NOT NULL DEFAULT '111111',
  `Day2` varchar(250) NOT NULL DEFAULT '111111',
  `Day3` varchar(250) NOT NULL DEFAULT '111111',
  `Day4` varchar(250) NOT NULL DEFAULT '111111',
  `Day5` varchar(250) NOT NULL DEFAULT '111111',
  `Day6` varchar(250) NOT NULL DEFAULT '111111',
  `Day7` varchar(250) NOT NULL DEFAULT '111111',
  `Day8` varchar(250) NOT NULL DEFAULT '111111',
  `Day9` varchar(250) NOT NULL DEFAULT '111111',
  `Day10` varchar(250) NOT NULL DEFAULT '111111',
  `Day11` varchar(250) NOT NULL DEFAULT '111111',
  `Day12` varchar(250) NOT NULL DEFAULT '111111',
  `Day13` varchar(250) NOT NULL DEFAULT '111111',
  `Day14` varchar(250) NOT NULL DEFAULT '111111',
  `Day15` varchar(250) NOT NULL DEFAULT '111111',
  `Day16` varchar(250) NOT NULL DEFAULT '111111',
  `Day17` varchar(250) NOT NULL DEFAULT '111111',
  `Day18` varchar(250) NOT NULL DEFAULT '111111',
  `Day19` varchar(250) NOT NULL DEFAULT '111111',
  `Day20` varchar(250) NOT NULL DEFAULT '111111',
  `Day21` varchar(250) NOT NULL DEFAULT '111111',
  `Day22` varchar(250) NOT NULL DEFAULT '111111',
  `Day23` varchar(250) NOT NULL DEFAULT '111111',
  `Day24` varchar(250) DEFAULT '111111',
  `Day25` varchar(250) NOT NULL DEFAULT '111111',
  `Day26` varchar(250) NOT NULL DEFAULT '111111',
  `Day27` varchar(250) NOT NULL DEFAULT '111111',
  `Day28` varchar(250) NOT NULL DEFAULT '111111',
  `Day29` varchar(250) NOT NULL DEFAULT '111111',
  `Day30` varchar(250) NOT NULL DEFAULT '111111',
  `Day31` varchar(250) NOT NULL DEFAULT '111111'
) ENGINE=InnoDB DEFAULT CHARSET=latin1;

--
-- Dumping data for table `pickup`
--

INSERT INTO `pickup` (`ProId`, `StuId`, `Month`, `Day1`, `Day2`, `Day3`, `Day4`, `Day5`, `Day6`, `Day7`, `Day8`, `Day9`, `Day10`, `Day11`, `Day12`, `Day13`, `Day14`, `Day15`, `Day16`, `Day17`, `Day18`, `Day19`, `Day20`, `Day21`, `Day22`, `Day23`, `Day24`, `Day25`, `Day26`, `Day27`, `Day28`, `Day29`, `Day30`, `Day31`) VALUES
(1, 1, 1, '011111', '011111', '101111', '101111', '111111', '111111', '111111', '111111', '111111', '111111', '111111', '111111', '111111', '111111', '111111', '111111', '111111', '111111', '111111', '111111', '111111', '111111', '111111', '111111', '111111', '111111', '111111', '111111', '111111', '111111', '111111'),
(2, 1, 2, '111111', '111111', '111111', '111111', '111111', '111111', '111111', '111111', '111111', '111111', '111111', '111111', '111111', '111111', '111111', '111111', '111111', '111111', '111111', '111111', '111111', '111111', '111111', '111111', '111111', '111111', '111111', '111111', '111111', '111111', '111111'),
(3, 1, 3, '111111', '111111', '111111', '111111', '111111', '111111', '111111', '111111', '111111', '111111', '111111', '111111', '111111', '111111', '111111', '111111', '111111', '111111', '111111', '111111', '111111', '111111', '111111', '111111', '111111', '111111', '111111', '111111', '111111', '111111', '111111'),
(4, 1, 6, '111111', '111111', '111111', '111111', '111111', '111111', '111111', '111111', '111111', '111111', '111111', '111111', '111111', '111111', '111111', '111111', '111111', '111111', '111111', '111111', '111111', '111111', '111111', '111111', '111111', '111111', '111111', '111111', '111111', '111111', '111111'),
(5, 1, 7, '111111', '111111', '111111', '111111', '111111', '111111', '111111', '111111', '111111', '111111', '111111', '111111', '111111', '111111', '111111', '111111', '111111', '111111', '111111', '111111', '111111', '111111', '111111', '111111', '111111', '111111', '111111', '111111', '111111', '111111', '111111'),
(6, 1, 8, '111111', '111111', '111111', '111111', '111111', '111111', '111111', '111111', '111111', '111111', '111111', '111111', '111111', '111111', '111111', '111111', '111111', '111111', '111111', '111111', '111111', '111111', '111111', '111111', '111111', '111111', '111111', '111111', '111111', '111111', '111111'),
(7, 1, 9, '111111', '111111', '111111', '111111', '111111', '111111', '111111', '111111', '111111', '111111', '111111', '111111', '111111', '111111', '111111', '111111', '111111', '111111', '111111', '111111', '111111', '111111', '111111', '111111', '111111', '111111', '111111', '111111', '111111', '111111', '111111'),
(8, 1, 10, '111111', '111111', '111111', '111111', '111111', '111111', '111111', '111111', '111111', '111111', '111111', '111111', '111111', '111111', '111111', '111111', '111111', '111111', '111111', '111111', '111111', '111111', '111111', '111111', '111111', '111111', '111111', '111111', '111111', '111111', '111111'),
(9, 1, 11, '111111', '111111', '111111', '111111', '111111', '111111', '111111', '111111', '111111', '111111', '111111', '111111', '111111', '111111', '111111', '111111', '111111', '111111', '111111', '111111', '111111', '111111', '111111', '111111', '111111', '111111', '111111', '111111', '111111', '111111', '111111'),
(10, 1, 12, '111111', '111111', '111111', '111111', '111111', '111111', '111111', '111111', '111111', '111111', '111111', '111111', '111111', '111111', '111111', '111111', '111111', '111111', '111111', '111111', '111111', '111111', '111111', '111111', '111111', '111111', '111111', '111111', '111111', '111111', '111111'),
(11, 2, 1, '111111', '111111', '111111', '111111', '111111', '111111', '111111', '111111', '111111', '111111', '111111', '111111', '111111', '111111', '111111', '111111', '111111', '111111', '111111', '111111', '111111', '111111', '111111', '111111', '111111', '111111', '111111', '111111', '111111', '111111', '111111'),
(12, 2, 2, '111111', '111111', '111111', '111111', '111111', '111111', '111111', '111111', '111111', '111111', '111111', '111111', '111111', '111111', '111111', '111111', '111111', '111111', '111111', '111111', '111111', '111111', '111111', '111111', '111111', '111111', '111111', '111111', '111111', '111111', '111111'),
(13, 2, 3, '111111', '111111', '111111', '111111', '111111', '111111', '111111', '111111', '111111', '111111', '111111', '111111', '111111', '111111', '111111', '111111', '111111', '111111', '111111', '111111', '111111', '111111', '111111', '111111', '111111', '111111', '111111', '111111', '111111', '111111', '111111'),
(14, 2, 6, '111111', '111111', '111111', '111111', '111111', '111111', '111111', '111111', '111111', '111111', '111111', '111111', '111111', '111111', '111111', '111111', '111111', '111111', '111111', '111111', '111111', '111111', '111111', '111111', '111111', '111111', '111111', '111111', '111111', '111111', '111111'),
(15, 2, 7, '111111', '111111', '111111', '111111', '111111', '111111', '111111', '111111', '111111', '111111', '111111', '111111', '111111', '111111', '111111', '111111', '111111', '111111', '111111', '111111', '111111', '111111', '111111', '111111', '111111', '111111', '111111', '111111', '111111', '111111', '111111'),
(16, 2, 8, '111111', '111111', '111111', '111111', '111111', '111111', '111111', '111111', '111111', '111111', '111111', '111111', '111111', '111111', '111111', '111111', '111111', '111111', '111111', '111111', '111111', '111111', '111111', '111111', '111111', '111111', '111111', '111111', '111111', '111111', '111111'),
(17, 2, 9, '111111', '111111', '111111', '111111', '111111', '111111', '111111', '111111', '111111', '111111', '111111', '111111', '111111', '111111', '111111', '111111', '111111', '111111', '111111', '111111', '111111', '111111', '111111', '111111', '111111', '111111', '111111', '111111', '111111', '111111', '111111'),
(18, 2, 10, '111111', '111111', '111111', '111111', '111111', '111111', '111111', '111111', '111111', '111111', '111111', '111111', '111111', '111111', '111111', '111111', '111111', '111111', '111111', '111111', '111111', '111111', '111111', '111111', '111111', '111111', '111111', '111111', '111111', '111111', '111111'),
(19, 2, 11, '111111', '111111', '111111', '111111', '111111', '111111', '111111', '111111', '111111', '111111', '111111', '111111', '111111', '111111', '111111', '111111', '111111', '111111', '111111', '111111', '111111', '111111', '111111', '111111', '111111', '111111', '111111', '111111', '111111', '111111', '111111'),
(20, 2, 12, '111111', '111111', '111111', '111111', '111111', '111111', '111111', '111111', '111111', '111111', '111111', '111111', '111111', '111111', '111111', '111111', '111111', '111111', '111111', '111111', '111111', '111111', '111111', '111111', '111111', '111111', '111111', '111111', '111111', '111111', '111111'),
(21, 3, 1, '111111', '111111', '111111', '111111', '111111', '111111', '111111', '111111', '111111', '111111', '111111', '111111', '111111', '111111', '111111', '111111', '111111', '111111', '111111', '111111', '111111', '111111', '111111', '111111', '111111', '111111', '111111', '111111', '111111', '111111', '111111'),
(22, 3, 2, '111111', '111111', '111111', '111111', '111111', '111111', '111111', '111111', '111111', '111111', '111111', '111111', '111111', '111111', '111111', '111111', '111111', '111111', '111111', '111111', '111111', '111111', '111111', '111111', '111111', '111111', '111111', '111111', '111111', '111111', '111111'),
(23, 3, 3, '111111', '111111', '111111', '111111', '111111', '111111', '111111', '111111', '111111', '111111', '111111', '111111', '111111', '111111', '111111', '111111', '111111', '111111', '111111', '111111', '111111', '111111', '111111', '111111', '111111', '111111', '111111', '111111', '111111', '111111', '111111'),
(24, 3, 6, '111111', '111111', '111111', '111111', '111111', '111111', '111111', '111111', '111111', '111111', '111111', '111111', '111111', '111111', '111111', '111111', '111111', '111111', '111111', '111111', '111111', '111111', '111111', '111111', '111111', '111111', '111111', '111111', '111111', '111111', '111111'),
(25, 3, 7, '111111', '111111', '111111', '111111', '111111', '111111', '111111', '111111', '111111', '111111', '111111', '111111', '111111', '111111', '111111', '111111', '111111', '111111', '111111', '111111', '111111', '111111', '111111', '111111', '111111', '111111', '111111', '111111', '111111', '111111', '111111'),
(26, 3, 8, '111111', '111111', '111111', '111111', '111111', '111111', '111111', '111111', '111111', '111111', '111111', '111111', '111111', '111111', '111111', '111111', '111111', '111111', '111111', '111111', '111111', '111111', '111111', '111111', '111111', '111111', '111111', '111111', '111111', '111111', '111111'),
(27, 3, 9, '111111', '111111', '111111', '111111', '111111', '111111', '111111', '111111', '111111', '111111', '111111', '111111', '111111', '111111', '111111', '111111', '111111', '111111', '111111', '111111', '111111', '111111', '111111', '111111', '111111', '111111', '111111', '111111', '111111', '111111', '111111'),
(28, 3, 10, '111111', '111111', '111111', '111111', '111111', '111111', '111111', '111111', '111111', '111111', '111111', '111111', '111111', '111111', '111111', '111111', '111111', '111111', '111111', '111111', '111111', '111111', '111111', '111111', '111111', '111111', '111111', '111111', '111111', '111111', '111111'),
(29, 3, 11, '111111', '111111', '111111', '111111', '111111', '111111', '111111', '111111', '111111', '111111', '111111', '111111', '111111', '111111', '111111', '111111', '111111', '111111', '111111', '111111', '111111', '111111', '111111', '111111', '111111', '111111', '111111', '111111', '111111', '111111', '111111'),
(30, 3, 12, '111111', '111111', '111111', '111111', '111111', '111111', '111111', '111111', '111111', '111111', '111111', '111111', '111111', '111111', '111111', '111111', '111111', '111111', '111111', '111111', '111111', '111111', '111111', '111111', '111111', '111111', '111111', '111111', '111111', '111111', '111111'),
(31, 4, 1, '111111', '111111', '111111', '111111', '111111', '111111', '111111', '111111', '111111', '111111', '111111', '111111', '111111', '111111', '111111', '111111', '111111', '111111', '111111', '111111', '111111', '111111', '111111', '111111', '111111', '111111', '111111', '111111', '111111', '111111', '111111'),
(32, 4, 2, '111111', '111111', '111111', '111111', '111111', '111111', '111111', '111111', '111111', '111111', '111111', '111111', '111111', '111111', '111111', '111111', '111111', '111111', '111111', '111111', '111111', '111111', '111111', '111111', '111111', '111111', '111111', '111111', '111111', '111111', '111111'),
(33, 4, 3, '111111', '111111', '111111', '111111', '111111', '111111', '111111', '111111', '111111', '111111', '111111', '111111', '111111', '111111', '111111', '111111', '111111', '111111', '111111', '111111', '111111', '111111', '111111', '111111', '111111', '111111', '111111', '111111', '111111', '111111', '111111'),
(34, 4, 6, '111111', '111111', '111111', '111111', '111111', '111111', '111111', '111111', '111111', '111111', '111111', '111111', '111111', '111111', '111111', '111111', '111111', '111111', '111111', '111111', '111111', '111111', '111111', '111111', '111111', '111111', '111111', '111111', '111111', '111111', '111111'),
(35, 4, 7, '111111', '111111', '111111', '111111', '111111', '111111', '111111', '111111', '111111', '111111', '111111', '111111', '111111', '111111', '111111', '111111', '111111', '111111', '111111', '111111', '111111', '111111', '111111', '111111', '111111', '111111', '111111', '111111', '111111', '111111', '111111'),
(36, 4, 8, '111111', '111111', '111111', '111111', '111111', '111111', '111111', '111111', '111111', '111111', '111111', '111111', '111111', '111111', '111111', '111111', '111111', '111111', '111111', '111111', '111111', '111111', '111111', '111111', '111111', '111111', '111111', '111111', '111111', '111111', '111111'),
(37, 4, 9, '111111', '111111', '111111', '111111', '111111', '111111', '111111', '111111', '111111', '111111', '111111', '111111', '111111', '111111', '111111', '111111', '111111', '111111', '111111', '111111', '111111', '111111', '111111', '111111', '111111', '111111', '111111', '111111', '111111', '111111', '111111'),
(38, 4, 10, '111111', '111111', '111111', '111111', '111111', '111111', '111111', '111111', '111111', '111111', '111111', '111111', '111111', '111111', '111111', '111111', '111111', '111111', '111111', '111111', '111111', '111111', '111111', '111111', '111111', '111111', '111111', '111111', '111111', '111111', '111111'),
(39, 4, 11, '111111', '111111', '111111', '111111', '111111', '111111', '111111', '111111', '111111', '111111', '111111', '111111', '111111', '111111', '111111', '111111', '111111', '111111', '111111', '111111', '111111', '111111', '111111', '111111', '111111', '111111', '111111', '111111', '111111', '111111', '111111'),
(40, 4, 12, '111111', '111111', '111111', '111111', '111111', '111111', '111111', '111111', '111111', '111111', '111111', '111111', '111111', '111111', '111111', '111111', '111111', '111111', '111111', '111111', '111111', '111111', '111111', '111111', '111111', '111111', '111111', '111111', '111111', '111111', '111111'),
(41, 5, 1, '111111', '111111', '111111', '111111', '111111', '111111', '111111', '111111', '111111', '111111', '111111', '111111', '111111', '111111', '111111', '111111', '111111', '111111', '111111', '111111', '111111', '111111', '111111', '111111', '111111', '111111', '111111', '111111', '111111', '111111', '111111'),
(42, 5, 2, '111111', '111111', '111111', '111111', '111111', '111111', '111111', '111111', '111111', '111111', '111111', '111111', '111111', '111111', '111111', '111111', '111111', '111111', '111111', '111111', '111111', '111111', '111111', '111111', '111111', '111111', '111111', '111111', '111111', '111111', '111111'),
(43, 5, 3, '111111', '111111', '111111', '111111', '111111', '111111', '111111', '111111', '111111', '111111', '111111', '111111', '111111', '111111', '111111', '111111', '111111', '111111', '111111', '111111', '111111', '111111', '111111', '111111', '111111', '111111', '111111', '111111', '111111', '111111', '111111'),
(44, 5, 6, '111111', '111111', '111111', '111111', '111111', '111111', '111111', '111111', '111111', '111111', '111111', '111111', '111111', '111111', '111111', '111111', '111111', '111111', '111111', '111111', '111111', '111111', '111111', '111111', '111111', '111111', '111111', '111111', '111111', '111111', '111111'),
(45, 5, 7, '111111', '111111', '111111', '111111', '111111', '111111', '111111', '111111', '111111', '111111', '111111', '111111', '111111', '111111', '111111', '111111', '111111', '111111', '111111', '111111', '111111', '111111', '111111', '111111', '111111', '111111', '111111', '111111', '111111', '111111', '111111'),
(46, 5, 8, '111111', '111111', '111111', '111111', '111111', '111111', '111111', '111111', '111111', '111111', '111111', '111111', '111111', '111111', '111111', '111111', '111111', '111111', '111111', '111111', '111111', '111111', '111111', '111111', '111111', '111111', '111111', '111111', '111111', '111111', '111111'),
(47, 5, 9, '111111', '111111', '111111', '111111', '111111', '111111', '111111', '111111', '111111', '111111', '111111', '111111', '111111', '111111', '111111', '111111', '111111', '111111', '111111', '111111', '111111', '111111', '111111', '111111', '111111', '111111', '111111', '111111', '111111', '111111', '111111'),
(48, 5, 10, '111111', '111111', '111111', '111111', '111111', '111111', '111111', '111111', '111111', '111111', '111111', '111111', '111111', '111111', '111111', '111111', '111111', '111111', '111111', '111111', '111111', '111111', '111111', '111111', '111111', '111111', '111111', '111111', '111111', '111111', '111111'),
(49, 5, 11, '111111', '111111', '111111', '111111', '111111', '111111', '111111', '111111', '111111', '111111', '111111', '111111', '111111', '111111', '111111', '111111', '111111', '111111', '111111', '111111', '111111', '111111', '111111', '111111', '111111', '111111', '111111', '111111', '111111', '111111', '111111'),
(50, 5, 12, '111111', '111111', '111111', '111111', '111111', '111111', '111111', '111111', '111111', '111111', '111111', '111111', '111111', '111111', '111111', '111111', '111111', '111111', '111111', '111111', '111111', '111111', '111111', '111111', '111111', '111111', '111111', '111111', '111111', '111111', '111111'),
(51, 6, 1, '111111', '111111', '111111', '111111', '111111', '111111', '111111', '111111', '111111', '111111', '111111', '111111', '111111', '111111', '111111', '111111', '111111', '111111', '111111', '111111', '111111', '111111', '111111', '111111', '111111', '111111', '111111', '111111', '111111', '111111', '111111'),
(52, 6, 2, '111111', '111111', '111111', '111111', '111111', '111111', '111111', '111111', '111111', '111111', '111111', '111111', '111111', '111111', '111111', '111111', '111111', '111111', '111111', '111111', '111111', '111111', '111111', '111111', '111111', '111111', '111111', '111111', '111111', '111111', '111111'),
(53, 6, 3, '111111', '111111', '111111', '111111', '111111', '111111', '111111', '111111', '111111', '111111', '111111', '111111', '111111', '111111', '111111', '111111', '111111', '111111', '111111', '111111', '111111', '111111', '111111', '111111', '111111', '111111', '111111', '111111', '111111', '111111', '111111'),
(54, 6, 6, '111111', '111111', '111111', '111111', '111111', '111111', '111111', '111111', '111111', '111111', '111111', '111111', '111111', '111111', '111111', '111111', '111111', '111111', '111111', '111111', '111111', '111111', '111111', '111111', '111111', '111111', '111111', '111111', '111111', '111111', '111111'),
(55, 6, 7, '111111', '111111', '111111', '111111', '111111', '111111', '111111', '111111', '111111', '111111', '111111', '111111', '111111', '111111', '111111', '111111', '111111', '111111', '111111', '111111', '111111', '111111', '111111', '111111', '111111', '111111', '111111', '111111', '111111', '111111', '111111'),
(56, 6, 8, '111111', '111111', '111111', '111111', '111111', '111111', '111111', '111111', '111111', '111111', '111111', '111111', '111111', '111111', '111111', '111111', '111111', '111111', '111111', '111111', '111111', '111111', '111111', '111111', '111111', '111111', '111111', '111111', '111111', '111111', '111111'),
(57, 6, 9, '111111', '111111', '111111', '111111', '111111', '111111', '111111', '111111', '111111', '111111', '111111', '111111', '111111', '111111', '111111', '111111', '111111', '111111', '111111', '111111', '111111', '111111', '111111', '111111', '111111', '111111', '111111', '111111', '111111', '111111', '111111'),
(58, 6, 10, '111111', '111111', '111111', '111111', '111111', '111111', '111111', '111111', '111111', '111111', '111111', '111111', '111111', '111111', '111111', '111111', '111111', '111111', '111111', '111111', '111111', '111111', '111111', '111111', '111111', '111111', '111111', '111111', '111111', '111111', '111111'),
(59, 6, 11, '111111', '111111', '111111', '111111', '111111', '111111', '111111', '111111', '111111', '111111', '111111', '111111', '111111', '111111', '111111', '111111', '111111', '111111', '111111', '111111', '111111', '111111', '111111', '111111', '111111', '111111', '111111', '111111', '111111', '111111', '111111'),
(60, 6, 12, '111111', '111111', '111111', '111111', '111111', '111111', '111111', '111111', '111111', '111111', '111111', '111111', '111111', '111111', '111111', '111111', '111111', '111111', '111111', '111111', '111111', '111111', '111111', '111111', '111111', '111111', '111111', '111111', '111111', '111111', '111111'),
(61, 7, 1, '111111', '111111', '111111', '111111', '111111', '111111', '111111', '111111', '111111', '111111', '111111', '111111', '111111', '111111', '111111', '111111', '111111', '111111', '111111', '111111', '111111', '111111', '111111', '111111', '111111', '111111', '111111', '111111', '111111', '111111', '111111'),
(62, 7, 2, '111111', '111111', '111111', '111111', '111111', '111111', '111111', '111111', '111111', '111111', '111111', '111111', '111111', '111111', '111111', '111111', '111111', '111111', '111111', '111111', '111111', '111111', '111111', '111111', '111111', '111111', '111111', '111111', '111111', '111111', '111111'),
(63, 7, 3, '111111', '111111', '111111', '111111', '111111', '111111', '111111', '111111', '111111', '111111', '111111', '111111', '111111', '111111', '111111', '111111', '111111', '111111', '111111', '111111', '111111', '111111', '111111', '111111', '111111', '111111', '111111', '111111', '111111', '111111', '111111'),
(64, 7, 6, '111111', '111111', '111111', '111111', '111111', '111111', '111111', '111111', '111111', '111111', '111111', '111111', '111111', '111111', '111111', '111111', '111111', '111111', '111111', '111111', '111111', '111111', '111111', '111111', '111111', '111111', '111111', '111111', '111111', '111111', '111111'),
(65, 7, 7, '111111', '111111', '111111', '111111', '111111', '111111', '111111', '111111', '111111', '111111', '111111', '111111', '111111', '111111', '111111', '111111', '111111', '111111', '111111', '111111', '111111', '111111', '111111', '111111', '111111', '111111', '111111', '111111', '111111', '111111', '111111'),
(66, 7, 8, '111111', '111111', '111111', '111111', '111111', '111111', '111111', '111111', '111111', '111111', '111111', '111111', '111111', '111111', '111111', '111111', '111111', '111111', '111111', '111111', '111111', '111111', '111111', '111111', '111111', '111111', '111111', '111111', '111111', '111111', '111111'),
(67, 7, 9, '111111', '111111', '111111', '111111', '111111', '111111', '111111', '111111', '111111', '111111', '111111', '111111', '111111', '111111', '111111', '111111', '111111', '111111', '111111', '111111', '111111', '111111', '111111', '111111', '111111', '111111', '111111', '111111', '111111', '111111', '111111'),
(68, 7, 10, '111111', '111111', '111111', '111111', '111111', '111111', '111111', '111111', '111111', '111111', '111111', '111111', '111111', '111111', '111111', '111111', '111111', '111111', '111111', '111111', '111111', '111111', '111111', '111111', '111111', '111111', '111111', '111111', '111111', '111111', '111111'),
(69, 7, 11, '111111', '111111', '111111', '111111', '111111', '111111', '111111', '111111', '111111', '111111', '111111', '111111', '111111', '111111', '111111', '111111', '111111', '111111', '111111', '111111', '111111', '111111', '111111', '111111', '111111', '111111', '111111', '111111', '111111', '111111', '111111'),
(70, 7, 12, '111111', '111111', '111111', '111111', '111111', '111111', '111111', '111111', '111111', '111111', '111111', '111111', '111111', '111111', '111111', '111111', '111111', '111111', '111111', '111111', '111111', '111111', '111111', '111111', '111111', '111111', '111111', '111111', '111111', '111111', '111111'),
(71, 8, 1, '111111', '111111', '111111', '111111', '111111', '111111', '111111', '111111', '111111', '111111', '111111', '111111', '111111', '111111', '111111', '111111', '111111', '111111', '111111', '111111', '111111', '111111', '111111', '111111', '111111', '111111', '111111', '111111', '111111', '111111', '111111'),
(72, 8, 2, '111111', '111111', '111111', '111111', '111111', '111111', '111111', '111111', '111111', '111111', '111111', '111111', '111111', '111111', '111111', '111111', '111111', '111111', '111111', '111111', '111111', '111111', '111111', '111111', '111111', '111111', '111111', '111111', '111111', '111111', '111111'),
(73, 8, 3, '111111', '111111', '111111', '111111', '111111', '111111', '111111', '111111', '111111', '111111', '111111', '111111', '111111', '111111', '111111', '111111', '111111', '111111', '111111', '111111', '111111', '111111', '111111', '111111', '111111', '111111', '111111', '111111', '111111', '111111', '111111'),
(74, 8, 6, '111111', '111111', '111111', '111111', '111111', '111111', '111111', '111111', '111111', '111111', '111111', '111111', '111111', '111111', '111111', '111111', '111111', '111111', '111111', '111111', '111111', '111111', '111111', '111111', '111111', '111111', '111111', '111111', '111111', '111111', '111111'),
(75, 8, 7, '111111', '111111', '111111', '111111', '111111', '111111', '111111', '111111', '111111', '111111', '111111', '111111', '111111', '111111', '111111', '111111', '111111', '111111', '111111', '111111', '111111', '111111', '111111', '111111', '111111', '111111', '111111', '111111', '111111', '111111', '111111'),
(76, 8, 8, '111111', '111111', '111111', '111111', '111111', '111111', '111111', '111111', '111111', '111111', '111111', '111111', '111111', '111111', '111111', '111111', '111111', '111111', '111111', '111111', '111111', '111111', '111111', '111111', '111111', '111111', '111111', '111111', '111111', '111111', '111111'),
(77, 8, 9, '111111', '111111', '111111', '111111', '111111', '111111', '111111', '111111', '111111', '111111', '111111', '111111', '111111', '111111', '111111', '111111', '111111', '111111', '111111', '111111', '111111', '111111', '111111', '111111', '111111', '111111', '111111', '111111', '111111', '111111', '111111'),
(78, 8, 10, '111111', '111111', '111111', '111111', '111111', '111111', '111111', '111111', '111111', '111111', '111111', '111111', '111111', '111111', '111111', '111111', '111111', '111111', '111111', '111111', '111111', '111111', '111111', '111111', '111111', '111111', '111111', '111111', '111111', '111111', '111111'),
(79, 8, 11, '111111', '111111', '111111', '111111', '111111', '111111', '111111', '111111', '111111', '111111', '111111', '111111', '111111', '111111', '111111', '111111', '111111', '111111', '111111', '111111', '111111', '111111', '111111', '111111', '111111', '111111', '111111', '111111', '111111', '111111', '111111'),
(80, 8, 12, '111111', '111111', '111111', '111111', '111111', '111111', '111111', '111111', '111111', '111111', '111111', '111111', '111111', '111111', '111111', '111111', '111111', '111111', '111111', '111111', '111111', '111111', '111111', '111111', '111111', '111111', '111111', '111111', '111111', '111111', '111111'),
(81, 9, 1, '111111', '111111', '111111', '111111', '111111', '111111', '111111', '111111', '111111', '111111', '111111', '111111', '111111', '111111', '111111', '111111', '111111', '111111', '111111', '111111', '111111', '111111', '111111', '111111', '111111', '111111', '111111', '111111', '111111', '111111', '111111'),
(82, 9, 2, '111111', '111111', '111111', '111111', '111111', '111111', '111111', '111111', '111111', '111111', '111111', '111111', '111111', '111111', '111111', '111111', '111111', '111111', '111111', '111111', '111111', '111111', '111111', '111111', '111111', '111111', '111111', '111111', '111111', '111111', '111111'),
(83, 9, 3, '111111', '111111', '111111', '111111', '111111', '111111', '111111', '111111', '111111', '111111', '111111', '111111', '111111', '111111', '111111', '111111', '111111', '111111', '111111', '111111', '111111', '111111', '111111', '111111', '111111', '111111', '111111', '111111', '111111', '111111', '111111'),
(84, 9, 6, '111111', '111111', '111111', '111111', '111111', '111111', '111111', '111111', '111111', '111111', '111111', '111111', '111111', '111111', '111111', '111111', '111111', '111111', '111111', '111111', '111111', '111111', '111111', '111111', '111111', '111111', '111111', '111111', '111111', '111111', '111111'),
(85, 9, 7, '111111', '111111', '111111', '111111', '111111', '111111', '111111', '111111', '111111', '111111', '111111', '111111', '111111', '111111', '111111', '111111', '111111', '111111', '111111', '111111', '111111', '111111', '111111', '111111', '111111', '111111', '111111', '111111', '111111', '111111', '111111'),
(86, 9, 8, '111111', '111111', '111111', '111111', '111111', '111111', '111111', '111111', '111111', '111111', '111111', '111111', '111111', '111111', '111111', '111111', '111111', '111111', '111111', '111111', '111111', '111111', '111111', '111111', '111111', '111111', '111111', '111111', '111111', '111111', '111111'),
(87, 9, 9, '111111', '111111', '111111', '111111', '111111', '111111', '111111', '111111', '111111', '111111', '111111', '111111', '111111', '111111', '111111', '111111', '111111', '111111', '111111', '111111', '111111', '111111', '111111', '111111', '111111', '111111', '111111', '111111', '111111', '111111', '111111'),
(88, 9, 10, '111111', '111111', '111111', '111111', '111111', '111111', '111111', '111111', '111111', '111111', '111111', '111111', '111111', '111111', '111111', '111111', '111111', '111111', '111111', '111111', '111111', '111111', '111111', '111111', '111111', '111111', '111111', '111111', '111111', '111111', '111111'),
(89, 9, 11, '111111', '111111', '111111', '111111', '111111', '111111', '111111', '111111', '111111', '111111', '111111', '111111', '111111', '111111', '111111', '111111', '111111', '111111', '111111', '111111', '111111', '111111', '111111', '111111', '111111', '111111', '111111', '111111', '111111', '111111', '111111'),
(90, 9, 12, '111111', '111111', '111111', '111111', '111111', '111111', '111111', '111111', '111111', '111111', '111111', '111111', '111111', '111111', '111111', '111111', '111111', '111111', '111111', '111111', '111111', '111111', '111111', '111111', '111111', '111111', '111111', '111111', '111111', '111111', '111111'),
(91, 10, 1, '111111', '111111', '111111', '111111', '111111', '111111', '111111', '111111', '111111', '111111', '111111', '111111', '111111', '111111', '111111', '111111', '111111', '111111', '111111', '111111', '111111', '111111', '111111', '111111', '111111', '111111', '111111', '111111', '111111', '111111', '111111'),
(92, 10, 2, '111111', '111111', '111111', '111111', '111111', '111111', '111111', '111111', '111111', '111111', '111111', '111111', '111111', '111111', '111111', '111111', '111111', '111111', '111111', '111111', '111111', '111111', '111111', '111111', '111111', '111111', '111111', '111111', '111111', '111111', '111111'),
(93, 10, 3, '111111', '111111', '111111', '111111', '111111', '111111', '111111', '111111', '111111', '111111', '111111', '111111', '111111', '111111', '111111', '111111', '111111', '111111', '111111', '111111', '111111', '111111', '111111', '111111', '111111', '111111', '111111', '111111', '111111', '111111', '111111'),
(94, 10, 6, '111111', '111111', '111111', '111111', '111111', '111111', '111111', '111111', '111111', '111111', '111111', '111111', '111111', '111111', '111111', '111111', '111111', '111111', '111111', '111111', '111111', '111111', '111111', '111111', '111111', '111111', '111111', '111111', '111111', '111111', '111111'),
(95, 10, 7, '111111', '111111', '111111', '111111', '111111', '111111', '111111', '111111', '111111', '111111', '111111', '111111', '111111', '111111', '111111', '111111', '111111', '111111', '111111', '111111', '111111', '111111', '111111', '111111', '111111', '111111', '111111', '111111', '111111', '111111', '111111'),
(96, 10, 8, '111111', '111111', '111111', '111111', '111111', '111111', '111111', '111111', '111111', '111111', '111111', '111111', '111111', '111111', '111111', '111111', '111111', '111111', '111111', '111111', '111111', '111111', '111111', '111111', '111111', '111111', '111111', '111111', '111111', '111111', '111111'),
(97, 10, 9, '111111', '111111', '111111', '111111', '111111', '111111', '111111', '111111', '111111', '111111', '111111', '111111', '111111', '111111', '111111', '111111', '111111', '111111', '111111', '111111', '111111', '111111', '111111', '111111', '111111', '111111', '111111', '111111', '111111', '111111', '111111'),
(98, 10, 10, '111111', '111111', '111111', '111111', '111111', '111111', '111111', '111111', '111111', '111111', '111111', '111111', '111111', '111111', '111111', '111111', '111111', '111111', '111111', '111111', '111111', '111111', '111111', '111111', '111111', '111111', '111111', '111111', '111111', '111111', '111111'),
(99, 10, 11, '111111', '111111', '111111', '111111', '111111', '111111', '111111', '111111', '111111', '111111', '111111', '111111', '111111', '111111', '111111', '111111', '111111', '111111', '111111', '111111', '111111', '111111', '111111', '111111', '111111', '111111', '111111', '111111', '111111', '111111', '111111'),
(100, 10, 12, '111111', '111111', '111111', '111111', '111111', '111111', '111111', '111111', '111111', '111111', '111111', '111111', '111111', '111111', '111111', '111111', '111111', '111111', '111111', '111111', '111111', '111111', '111111', '111111', '111111', '111111', '111111', '111111', '111111', '111111', '111111'),
(114, 11, 1, '111111', '111111', '111111', '111111', '111111', '111111', '111111', '111111', '111111', '111111', '111111', '111111', '111111', '111111', '111111', '111111', '111111', '111111', '111111', '111111', '111111', '111111', '111111', '111111', '111111', '111111', '111111', '111111', '111111', '111111', '111111'),
(115, 11, 2, '111111', '111111', '111111', '111111', '111111', '111111', '111111', '111111', '111111', '111111', '111111', '111111', '111111', '111111', '111111', '111111', '111111', '111111', '111111', '111111', '111111', '111111', '111111', '111111', '111111', '111111', '111111', '111111', '111111', '111111', '111111'),
(116, 11, 3, '111111', '111111', '111111', '111111', '111111', '111111', '111111', '111111', '111111', '111111', '111111', '111111', '111111', '111111', '111111', '111111', '111111', '111111', '111111', '111111', '111111', '111111', '111111', '111111', '111111', '111111', '111111', '111111', '111111', '111111', '111111'),
(117, 11, 6, '111111', '111111', '111111', '111111', '111111', '111111', '111111', '111111', '111111', '111111', '111111', '111111', '111111', '111111', '111111', '111111', '111111', '111111', '111111', '111111', '111111', '111111', '111111', '111111', '111111', '111111', '111111', '111111', '111111', '111111', '111111'),
(118, 11, 7, '111111', '111111', '111111', '111111', '111111', '111111', '111111', '111111', '111111', '111111', '111111', '111111', '111111', '111111', '111111', '111111', '111111', '111111', '111111', '111111', '111111', '111111', '111111', '111111', '111111', '111111', '111111', '111111', '111111', '111111', '111111'),
(119, 11, 8, '111111', '111111', '111111', '111111', '111111', '111111', '111111', '111111', '111111', '111111', '111111', '111111', '111111', '111111', '111111', '111111', '111111', '111111', '111111', '111111', '111111', '111111', '111111', '111111', '111111', '111111', '111111', '111111', '111111', '111111', '111111'),
(120, 11, 9, '111111', '111111', '111111', '111111', '111111', '111111', '111111', '111111', '111111', '111111', '111111', '111111', '111111', '111111', '111111', '111111', '111111', '111111', '111111', '111111', '111111', '111111', '111111', '111111', '111111', '111111', '111111', '111111', '111111', '111111', '111111'),
(121, 11, 10, '111111', '111111', '111111', '111111', '111111', '111111', '111111', '111111', '111111', '111111', '111111', '111111', '111111', '111111', '111111', '111111', '111111', '111111', '111111', '111111', '111111', '111111', '111111', '111111', '111111', '111111', '111111', '111111', '111111', '111111', '111111'),
(122, 11, 11, '111111', '111111', '111111', '111111', '111111', '111111', '111111', '111111', '111111', '111111', '111111', '111111', '111111', '111111', '111111', '111111', '111111', '111111', '111111', '111111', '111111', '111111', '111111', '111111', '111111', '111111', '111111', '111111', '111111', '111111', '111111'),
(123, 11, 12, '111111', '111111', '111111', '111111', '111111', '111111', '111111', '111111', '111111', '111111', '111111', '111111', '111111', '111111', '111111', '111111', '111111', '111111', '111111', '111111', '111111', '111111', '111111', '111111', '111111', '111111', '111111', '111111', '111111', '111111', '111111'),
(124, 12, 1, '111111', '111111', '111111', '111111', '111111', '111111', '111111', '111111', '111111', '111111', '111111', '111111', '111111', '111111', '111111', '111111', '111111', '111111', '111111', '111111', '111111', '111111', '111111', '111111', '111111', '111111', '111111', '111111', '111111', '111111', '111111'),
(125, 12, 2, '111111', '111111', '111111', '111111', '111111', '111111', '111111', '111111', '111111', '111111', '111111', '111111', '111111', '111111', '111111', '111111', '111111', '111111', '111111', '111111', '111111', '111111', '111111', '111111', '111111', '111111', '111111', '111111', '111111', '111111', '111111'),
(126, 12, 3, '111111', '111111', '111111', '111111', '111111', '111111', '111111', '111111', '111111', '111111', '111111', '111111', '111111', '111111', '111111', '111111', '111111', '111111', '111111', '111111', '111111', '111111', '111111', '111111', '111111', '111111', '111111', '111111', '111111', '111111', '111111'),
(127, 12, 6, '111111', '111111', '111111', '111111', '111111', '111111', '111111', '111111', '111111', '111111', '111111', '111111', '111111', '111111', '111111', '111111', '111111', '111111', '111111', '111111', '111111', '111111', '111111', '111111', '111111', '111111', '111111', '111111', '111111', '111111', '111111'),
(128, 12, 7, '111111', '111111', '111111', '111111', '111111', '111111', '111111', '111111', '111111', '111111', '111111', '111111', '111111', '111111', '111111', '111111', '111111', '111111', '111111', '111111', '111111', '111111', '111111', '111111', '111111', '111111', '111111', '111111', '111111', '111111', '111111'),
(129, 12, 8, '111111', '111111', '111111', '111111', '111111', '111111', '111111', '111111', '111111', '111111', '111111', '111111', '111111', '111111', '111111', '111111', '111111', '111111', '111111', '111111', '111111', '111111', '111111', '111111', '111111', '111111', '111111', '111111', '111111', '111111', '111111'),
(130, 12, 9, '111111', '111111', '111111', '111111', '111111', '111111', '111111', '111111', '111111', '111111', '111111', '111111', '111111', '111111', '111111', '111111', '111111', '111111', '111111', '111111', '111111', '111111', '111111', '111111', '111111', '111111', '111111', '111111', '111111', '111111', '111111'),
(131, 12, 10, '111111', '111111', '111111', '111111', '111111', '111111', '111111', '111111', '111111', '111111', '111111', '111111', '111111', '111111', '111111', '111111', '111111', '111111', '111111', '111111', '111111', '111111', '111111', '111111', '111111', '111111', '111111', '111111', '111111', '111111', '111111'),
(132, 12, 11, '111111', '111111', '111111', '111111', '111111', '111111', '111111', '111111', '111111', '111111', '111111', '111111', '111111', '111111', '111111', '111111', '111111', '111111', '111111', '111111', '111111', '111111', '111111', '111111', '111111', '111111', '111111', '111111', '111111', '111111', '111111'),
(133, 12, 12, '111111', '111111', '111111', '111111', '111111', '111111', '111111', '111111', '111111', '111111', '111111', '111111', '111111', '111111', '111111', '111111', '111111', '111111', '111111', '111111', '111111', '111111', '111111', '111111', '111111', '111111', '111111', '111111', '111111', '111111', '111111'),
(134, 13, 1, '111111', '111111', '111111', '111111', '111111', '111111', '111111', '111111', '111111', '111111', '111111', '111111', '111111', '111111', '111111', '111111', '111111', '111111', '111111', '111111', '111111', '111111', '111111', '111111', '111111', '111111', '111111', '111111', '111111', '111111', '111111'),
(135, 13, 2, '111111', '111111', '111111', '111111', '111111', '111111', '111111', '111111', '111111', '111111', '111111', '111111', '111111', '111111', '111111', '111111', '111111', '111111', '111111', '111111', '111111', '111111', '111111', '111111', '111111', '111111', '111111', '111111', '111111', '111111', '111111'),
(136, 13, 3, '111111', '111111', '111111', '111111', '111111', '111111', '111111', '111111', '111111', '111111', '111111', '111111', '111111', '111111', '111111', '111111', '111111', '111111', '111111', '111111', '111111', '111111', '111111', '111111', '111111', '111111', '111111', '111111', '111111', '111111', '111111'),
(137, 13, 6, '111111', '111111', '111111', '111111', '111111', '111111', '111111', '111111', '111111', '111111', '111111', '111111', '111111', '111111', '111111', '111111', '111111', '111111', '111111', '111111', '111111', '111111', '111111', '111111', '111111', '111111', '111111', '111111', '111111', '111111', '111111'),
(138, 13, 7, '111111', '111111', '111111', '111111', '111111', '111111', '111111', '111111', '111111', '111111', '111111', '111111', '111111', '111111', '111111', '111111', '111111', '111111', '111111', '111111', '111111', '111111', '111111', '111111', '111111', '111111', '111111', '111111', '111111', '111111', '111111'),
(139, 13, 8, '111111', '111111', '111111', '111111', '111111', '111111', '111111', '111111', '111111', '111111', '111111', '111111', '111111', '111111', '111111', '111111', '111111', '111111', '111111', '111111', '111111', '111111', '111111', '111111', '111111', '111111', '111111', '111111', '111111', '111111', '111111'),
(140, 13, 9, '111111', '111111', '111111', '111111', '111111', '111111', '111111', '111111', '111111', '111111', '111111', '111111', '111111', '111111', '111111', '111111', '111111', '111111', '111111', '111111', '111111', '111111', '111111', '111111', '111111', '111111', '111111', '111111', '111111', '111111', '111111'),
(141, 13, 10, '111111', '111111', '111111', '111111', '111111', '111111', '111111', '111111', '111111', '111111', '111111', '111111', '111111', '111111', '111111', '111111', '111111', '111111', '111111', '111111', '111111', '111111', '111111', '111111', '111111', '111111', '111111', '111111', '111111', '111111', '111111'),
(142, 13, 11, '111111', '111111', '111111', '111111', '111111', '111111', '111111', '111111', '111111', '111111', '111111', '111111', '111111', '111111', '111111', '111111', '111111', '111111', '111111', '111111', '111111', '111111', '111111', '111111', '111111', '111111', '111111', '111111', '111111', '111111', '111111'),
(143, 13, 12, '111111', '111111', '111111', '111111', '111111', '111111', '111111', '111111', '111111', '111111', '111111', '111111', '111111', '111111', '111111', '111111', '111111', '111111', '111111', '111111', '111111', '111111', '111111', '111111', '111111', '111111', '111111', '111111', '111111', '111111', '111111'),
(144, 14, 1, '111111', '111111', '111111', '111111', '111111', '111111', '111111', '111111', '111111', '111111', '111111', '111111', '111111', '111111', '111111', '111111', '111111', '111111', '111111', '111111', '111111', '111111', '111111', '111111', '111111', '111111', '111111', '111111', '111111', '111111', '111111'),
(145, 14, 2, '111111', '111111', '111111', '111111', '111111', '111111', '111111', '111111', '111111', '111111', '111111', '111111', '111111', '111111', '111111', '111111', '111111', '111111', '111111', '111111', '111111', '111111', '111111', '111111', '111111', '111111', '111111', '111111', '111111', '111111', '111111'),
(146, 14, 3, '111111', '111111', '111111', '111111', '111111', '111111', '111111', '111111', '111111', '111111', '111111', '111111', '111111', '111111', '111111', '111111', '111111', '111111', '111111', '111111', '111111', '111111', '111111', '111111', '111111', '111111', '111111', '111111', '111111', '111111', '111111'),
(147, 14, 6, '111111', '111111', '111111', '111111', '111111', '111111', '111111', '111111', '111111', '111111', '111111', '111111', '111111', '111111', '111111', '111111', '111111', '111111', '111111', '111111', '111111', '111111', '111111', '111111', '111111', '111111', '111111', '111111', '111111', '111111', '111111'),
(148, 14, 7, '111111', '111111', '111111', '111111', '111111', '111111', '111111', '111111', '111111', '111111', '111111', '111111', '111111', '111111', '111111', '111111', '111111', '111111', '111111', '111111', '111111', '111111', '111111', '111111', '111111', '111111', '111111', '111111', '111111', '111111', '111111'),
(149, 14, 8, '111111', '111111', '111111', '111111', '111111', '111111', '111111', '111111', '111111', '111111', '111111', '111111', '111111', '111111', '111111', '111111', '111111', '111111', '111111', '111111', '111111', '111111', '111111', '111111', '111111', '111111', '111111', '111111', '111111', '111111', '111111'),
(150, 14, 9, '111111', '111111', '111111', '111111', '111111', '111111', '111111', '111111', '111111', '111111', '111111', '111111', '111111', '111111', '111111', '111111', '111111', '111111', '111111', '111111', '111111', '111111', '111111', '111111', '111111', '111111', '111111', '111111', '111111', '111111', '111111'),
(151, 14, 10, '111111', '111111', '111111', '111111', '111111', '111111', '111111', '111111', '111111', '111111', '111111', '111111', '111111', '111111', '111111', '111111', '111111', '111111', '111111', '111111', '111111', '111111', '111111', '111111', '111111', '111111', '111111', '111111', '111111', '111111', '111111'),
(152, 14, 11, '111111', '111111', '111111', '111111', '111111', '111111', '111111', '111111', '111111', '111111', '111111', '111111', '111111', '111111', '111111', '111111', '111111', '111111', '111111', '111111', '111111', '111111', '111111', '111111', '111111', '111111', '111111', '111111', '111111', '111111', '111111'),
(153, 14, 12, '111111', '111111', '111111', '111111', '111111', '111111', '111111', '111111', '111111', '111111', '111111', '111111', '111111', '111111', '111111', '111111', '111111', '111111', '111111', '111111', '111111', '111111', '111111', '111111', '111111', '111111', '111111', '111111', '111111', '111111', '111111'),
(154, 15, 1, '111111', '111111', '111111', '111111', '111111', '111111', '111111', '111111', '111111', '111111', '111111', '111111', '111111', '111111', '111111', '111111', '111111', '111111', '111111', '111111', '111111', '111111', '111111', '111111', '111111', '111111', '111111', '111111', '111111', '111111', '111111'),
(155, 15, 2, '111111', '111111', '111111', '111111', '111111', '111111', '111111', '111111', '111111', '111111', '111111', '111111', '111111', '111111', '111111', '111111', '111111', '111111', '111111', '111111', '111111', '111111', '111111', '111111', '111111', '111111', '111111', '111111', '111111', '111111', '111111'),
(156, 15, 3, '111111', '111111', '111111', '111111', '111111', '111111', '111111', '111111', '111111', '111111', '111111', '111111', '111111', '111111', '111111', '111111', '111111', '111111', '111111', '111111', '111111', '111111', '111111', '111111', '111111', '111111', '111111', '111111', '111111', '111111', '111111'),
(157, 15, 6, '111111', '111111', '111111', '111111', '111111', '111111', '111111', '111111', '111111', '111111', '111111', '111111', '111111', '111111', '111111', '111111', '111111', '111111', '111111', '111111', '111111', '111111', '111111', '111111', '111111', '111111', '111111', '111111', '111111', '111111', '111111'),
(158, 15, 7, '111111', '111111', '111111', '111111', '111111', '111111', '111111', '111111', '111111', '111111', '111111', '111111', '111111', '111111', '111111', '111111', '111111', '111111', '111111', '111111', '111111', '111111', '111111', '111111', '111111', '111111', '111111', '111111', '111111', '111111', '111111'),
(159, 15, 8, '111111', '111111', '111111', '111111', '111111', '111111', '111111', '111111', '111111', '111111', '111111', '111111', '111111', '111111', '111111', '111111', '111111', '111111', '111111', '111111', '111111', '111111', '111111', '111111', '111111', '111111', '111111', '111111', '111111', '111111', '111111'),
(160, 15, 9, '111111', '111111', '111111', '111111', '111111', '111111', '111111', '111111', '111111', '111111', '111111', '111111', '111111', '111111', '111111', '111111', '111111', '111111', '111111', '111111', '111111', '111111', '111111', '111111', '111111', '111111', '111111', '111111', '111111', '111111', '111111'),
(161, 15, 10, '111111', '111111', '111111', '111111', '111111', '111111', '111111', '111111', '111111', '111111', '111111', '111111', '111111', '111111', '111111', '111111', '111111', '111111', '111111', '111111', '111111', '111111', '111111', '111111', '111111', '111111', '111111', '111111', '111111', '111111', '111111'),
(162, 15, 11, '111111', '111111', '111111', '111111', '111111', '111111', '111111', '111111', '111111', '111111', '111111', '111111', '111111', '111111', '111111', '111111', '111111', '111111', '111111', '111111', '111111', '111111', '111111', '111111', '111111', '111111', '111111', '111111', '111111', '111111', '111111'),
(163, 15, 12, '111111', '111111', '111111', '111111', '111111', '111111', '111111', '111111', '111111', '111111', '111111', '111111', '111111', '111111', '111111', '111111', '111111', '111111', '111111', '111111', '111111', '111111', '111111', '111111', '111111', '111111', '111111', '111111', '111111', '111111', '111111'),
(164, 16, 1, '111111', '111111', '111111', '111111', '111111', '111111', '111111', '111111', '111111', '111111', '111111', '111111', '111111', '111111', '111111', '111111', '111111', '111111', '111111', '111111', '111111', '111111', '111111', '111111', '111111', '111111', '111111', '111111', '111111', '111111', '111111'),
(165, 16, 2, '111111', '111111', '111111', '111111', '111111', '111111', '111111', '111111', '111111', '111111', '111111', '111111', '111111', '111111', '111111', '111111', '111111', '111111', '111111', '111111', '111111', '111111', '111111', '111111', '111111', '111111', '111111', '111111', '111111', '111111', '111111'),
(166, 16, 3, '111111', '111111', '111111', '111111', '111111', '111111', '111111', '111111', '111111', '111111', '111111', '111111', '111111', '111111', '111111', '111111', '111111', '111111', '111111', '111111', '111111', '111111', '111111', '111111', '111111', '111111', '111111', '111111', '111111', '111111', '111111'),
(167, 16, 6, '111111', '111111', '111111', '111111', '111111', '111111', '111111', '111111', '111111', '111111', '111111', '111111', '111111', '111111', '111111', '111111', '111111', '111111', '111111', '111111', '111111', '111111', '111111', '111111', '111111', '111111', '111111', '111111', '111111', '111111', '111111');
INSERT INTO `pickup` (`ProId`, `StuId`, `Month`, `Day1`, `Day2`, `Day3`, `Day4`, `Day5`, `Day6`, `Day7`, `Day8`, `Day9`, `Day10`, `Day11`, `Day12`, `Day13`, `Day14`, `Day15`, `Day16`, `Day17`, `Day18`, `Day19`, `Day20`, `Day21`, `Day22`, `Day23`, `Day24`, `Day25`, `Day26`, `Day27`, `Day28`, `Day29`, `Day30`, `Day31`) VALUES
(168, 16, 7, '111111', '111111', '111111', '111111', '111111', '111111', '111111', '111111', '111111', '111111', '111111', '111111', '111111', '111111', '111111', '111111', '111111', '111111', '111111', '111111', '111111', '111111', '111111', '111111', '111111', '111111', '111111', '111111', '111111', '111111', '111111'),
(169, 16, 8, '111111', '111111', '111111', '111111', '111111', '111111', '111111', '111111', '111111', '111111', '111111', '111111', '111111', '111111', '111111', '111111', '111111', '111111', '111111', '111111', '111111', '111111', '111111', '111111', '111111', '111111', '111111', '111111', '111111', '111111', '111111'),
(170, 16, 9, '111111', '111111', '111111', '111111', '111111', '111111', '111111', '111111', '111111', '111111', '111111', '111111', '111111', '111111', '111111', '111111', '111111', '111111', '111111', '111111', '111111', '111111', '111111', '111111', '111111', '111111', '111111', '111111', '111111', '111111', '111111'),
(171, 16, 10, '111111', '111111', '111111', '111111', '111111', '111111', '111111', '111111', '111111', '111111', '111111', '111111', '111111', '111111', '111111', '111111', '111111', '111111', '111111', '111111', '111111', '111111', '111111', '111111', '111111', '111111', '111111', '111111', '111111', '111111', '111111'),
(172, 16, 11, '111111', '111111', '111111', '111111', '111111', '111111', '111111', '111111', '111111', '111111', '111111', '111111', '111111', '111111', '111111', '111111', '111111', '111111', '111111', '111111', '111111', '111111', '111111', '111111', '111111', '111111', '111111', '111111', '111111', '111111', '111111'),
(173, 16, 12, '111111', '111111', '111111', '111111', '111111', '111111', '111111', '111111', '111111', '111111', '111111', '111111', '111111', '111111', '111111', '111111', '111111', '111111', '111111', '111111', '111111', '111111', '111111', '111111', '111111', '111111', '111111', '111111', '111111', '111111', '111111'),
(174, 17, 1, '111111', '111111', '111111', '111111', '111111', '111111', '111111', '111111', '111111', '111111', '111111', '111111', '111111', '111111', '111111', '111111', '111111', '111111', '111111', '111111', '111111', '111111', '111111', '111111', '111111', '111111', '111111', '111111', '111111', '111111', '111111'),
(175, 17, 2, '111111', '111111', '111111', '111111', '111111', '111111', '111111', '111111', '111111', '111111', '111111', '111111', '111111', '111111', '111111', '111111', '111111', '111111', '111111', '111111', '111111', '111111', '111111', '111111', '111111', '111111', '111111', '111111', '111111', '111111', '111111'),
(176, 17, 3, '111111', '111111', '111111', '111111', '111111', '111111', '111111', '111111', '111111', '111111', '111111', '111111', '111111', '111111', '111111', '111111', '111111', '111111', '111111', '111111', '111111', '111111', '111111', '111111', '111111', '111111', '111111', '111111', '111111', '111111', '111111'),
(177, 17, 6, '111111', '111111', '111111', '111111', '111111', '111111', '111111', '111111', '111111', '111111', '111111', '111111', '111111', '111111', '111111', '111111', '111111', '111111', '111111', '111111', '111111', '111111', '111111', '111111', '111111', '111111', '111111', '111111', '111111', '111111', '111111'),
(178, 17, 7, '111111', '111111', '111111', '111111', '111111', '111111', '111111', '111111', '111111', '111111', '111111', '111111', '111111', '111111', '111111', '111111', '111111', '111111', '111111', '111111', '111111', '111111', '111111', '111111', '111111', '111111', '111111', '111111', '111111', '111111', '111111'),
(179, 17, 8, '111111', '111111', '111111', '111111', '111111', '111111', '111111', '111111', '111111', '111111', '111111', '111111', '111111', '111111', '111111', '111111', '111111', '111111', '111111', '111111', '111111', '111111', '111111', '111111', '111111', '111111', '111111', '111111', '111111', '111111', '111111'),
(180, 17, 9, '111111', '111111', '111111', '111111', '111111', '111111', '111111', '111111', '111111', '111111', '111111', '111111', '111111', '111111', '111111', '111111', '111111', '111111', '111111', '111111', '111111', '111111', '111111', '111111', '111111', '111111', '111111', '111111', '111111', '111111', '111111'),
(181, 17, 10, '111111', '111111', '111111', '111111', '111111', '111111', '111111', '111111', '111111', '111111', '111111', '111111', '111111', '111111', '111111', '111111', '111111', '111111', '111111', '111111', '111111', '111111', '111111', '111111', '111111', '111111', '111111', '111111', '111111', '111111', '111111'),
(182, 17, 11, '111111', '111111', '111111', '111111', '111111', '111111', '111111', '111111', '111111', '111111', '111111', '111111', '111111', '111111', '111111', '111111', '111111', '111111', '111111', '111111', '111111', '111111', '111111', '111111', '111111', '111111', '111111', '111111', '111111', '111111', '111111'),
(183, 17, 12, '111111', '111111', '111111', '111111', '111111', '111111', '111111', '111111', '111111', '111111', '111111', '111111', '111111', '111111', '111111', '111111', '111111', '111111', '111111', '111111', '111111', '111111', '111111', '111111', '111111', '111111', '111111', '111111', '111111', '111111', '111111'),
(184, 18, 1, '111111', '111111', '111111', '111111', '111111', '111111', '111111', '111111', '111111', '111111', '111111', '111111', '111111', '111111', '111111', '111111', '111111', '111111', '111111', '111111', '111111', '111111', '111111', '111111', '111111', '111111', '111111', '111111', '111111', '111111', '111111'),
(185, 18, 2, '111111', '111111', '111111', '111111', '111111', '111111', '111111', '111111', '111111', '111111', '111111', '111111', '111111', '111111', '111111', '111111', '111111', '111111', '111111', '111111', '111111', '111111', '111111', '111111', '111111', '111111', '111111', '111111', '111111', '111111', '111111'),
(186, 18, 3, '111111', '111111', '111111', '111111', '111111', '111111', '111111', '111111', '111111', '111111', '111111', '111111', '111111', '111111', '111111', '111111', '111111', '111111', '111111', '111111', '111111', '111111', '111111', '111111', '111111', '111111', '111111', '111111', '111111', '111111', '111111'),
(187, 18, 6, '111111', '111111', '111111', '111111', '111111', '111111', '111111', '111111', '111111', '111111', '111111', '111111', '111111', '111111', '111111', '111111', '111111', '111111', '111111', '111111', '111111', '111111', '111111', '111111', '111111', '111111', '111111', '111111', '111111', '111111', '111111'),
(188, 18, 7, '111111', '111111', '111111', '111111', '111111', '111111', '111111', '111111', '111111', '111111', '111111', '111111', '111111', '111111', '111111', '111111', '111111', '111111', '111111', '111111', '111111', '111111', '111111', '111111', '111111', '111111', '111111', '111111', '111111', '111111', '111111'),
(189, 18, 8, '111111', '111111', '111111', '111111', '111111', '111111', '111111', '111111', '111111', '111111', '111111', '111111', '111111', '111111', '111111', '111111', '111111', '111111', '111111', '111111', '111111', '111111', '111111', '111111', '111111', '111111', '111111', '111111', '111111', '111111', '111111'),
(190, 18, 9, '111111', '111111', '111111', '111111', '111111', '111111', '111111', '111111', '111111', '111111', '111111', '111111', '111111', '111111', '111111', '111111', '111111', '111111', '111111', '111111', '111111', '111111', '111111', '111111', '111111', '111111', '111111', '111111', '111111', '111111', '111111'),
(191, 18, 10, '111111', '111111', '111111', '111111', '111111', '111111', '111111', '111111', '111111', '111111', '111111', '111111', '111111', '111111', '111111', '111111', '111111', '111111', '111111', '111111', '111111', '111111', '111111', '111111', '111111', '111111', '111111', '111111', '111111', '111111', '111111'),
(192, 18, 11, '111111', '111111', '111111', '111111', '111111', '111111', '111111', '111111', '111111', '111111', '111111', '111111', '111111', '111111', '111111', '111111', '111111', '111111', '111111', '111111', '111111', '111111', '111111', '111111', '111111', '111111', '111111', '111111', '111111', '111111', '111111'),
(193, 18, 12, '111111', '111111', '111111', '111111', '111111', '111111', '111111', '111111', '111111', '111111', '111111', '111111', '111111', '111111', '111111', '111111', '111111', '111111', '111111', '111111', '111111', '111111', '111111', '111111', '111111', '111111', '111111', '111111', '111111', '111111', '111111'),
(194, 19, 1, '111111', '111111', '111111', '111111', '111111', '111111', '111111', '111111', '111111', '111111', '111111', '111111', '111111', '111111', '111111', '111111', '111111', '111111', '111111', '111111', '111111', '111111', '111111', '111111', '111111', '111111', '111111', '111111', '111111', '111111', '111111'),
(195, 19, 2, '111111', '111111', '111111', '111111', '111111', '111111', '111111', '111111', '111111', '111111', '111111', '111111', '111111', '111111', '111111', '111111', '111111', '111111', '111111', '111111', '111111', '111111', '111111', '111111', '111111', '111111', '111111', '111111', '111111', '111111', '111111'),
(196, 19, 3, '111111', '111111', '111111', '111111', '111111', '111111', '111111', '111111', '111111', '111111', '111111', '111111', '111111', '111111', '111111', '111111', '111111', '111111', '111111', '111111', '111111', '111111', '111111', '111111', '111111', '111111', '111111', '111111', '111111', '111111', '111111'),
(197, 19, 6, '111111', '111111', '111111', '111111', '111111', '111111', '111111', '111111', '111111', '111111', '111111', '111111', '111111', '111111', '111111', '111111', '111111', '111111', '111111', '111111', '111111', '111111', '111111', '111111', '111111', '111111', '111111', '111111', '111111', '111111', '111111'),
(198, 19, 7, '111111', '111111', '111111', '111111', '111111', '111111', '111111', '111111', '111111', '111111', '111111', '111111', '111111', '111111', '111111', '111111', '111111', '111111', '111111', '111111', '111111', '111111', '111111', '111111', '111111', '111111', '111111', '111111', '111111', '111111', '111111'),
(199, 19, 8, '111111', '111111', '111111', '111111', '111111', '111111', '111111', '111111', '111111', '111111', '111111', '111111', '111111', '111111', '111111', '111111', '111111', '111111', '111111', '111111', '111111', '111111', '111111', '111111', '111111', '111111', '111111', '111111', '111111', '111111', '111111'),
(200, 19, 9, '111111', '111111', '111111', '111111', '111111', '111111', '111111', '111111', '111111', '111111', '111111', '111111', '111111', '111111', '111111', '111111', '111111', '111111', '111111', '111111', '111111', '111111', '111111', '111111', '111111', '111111', '111111', '111111', '111111', '111111', '111111'),
(201, 19, 10, '111111', '111111', '111111', '111111', '111111', '111111', '111111', '111111', '111111', '111111', '111111', '111111', '111111', '111111', '111111', '111111', '111111', '111111', '111111', '111111', '111111', '111111', '111111', '111111', '111111', '111111', '111111', '111111', '111111', '111111', '111111'),
(202, 19, 11, '111111', '111111', '111111', '111111', '111111', '111111', '111111', '111111', '111111', '111111', '111111', '111111', '111111', '111111', '111111', '111111', '111111', '111111', '111111', '111111', '111111', '111111', '111111', '111111', '111111', '111111', '111111', '111111', '111111', '111111', '111111'),
(203, 19, 12, '111111', '111111', '111111', '111111', '111111', '111111', '111111', '111111', '111111', '111111', '111111', '111111', '111111', '111111', '111111', '111111', '111111', '111111', '111111', '111111', '111111', '111111', '111111', '111111', '111111', '111111', '111111', '111111', '111111', '111111', '111111'),
(204, 20, 1, '111111', '111111', '111111', '111111', '111111', '111111', '111111', '111111', '111111', '111111', '111111', '111111', '111111', '111111', '111111', '111111', '111111', '111111', '111111', '111111', '111111', '111111', '111111', '111111', '111111', '111111', '111111', '111111', '111111', '111111', '111111'),
(205, 20, 2, '111111', '111111', '111111', '111111', '111111', '111111', '111111', '111111', '111111', '111111', '111111', '111111', '111111', '111111', '111111', '111111', '111111', '111111', '111111', '111111', '111111', '111111', '111111', '111111', '111111', '111111', '111111', '111111', '111111', '111111', '111111'),
(206, 20, 3, '111111', '111111', '111111', '111111', '111111', '111111', '111111', '111111', '111111', '111111', '111111', '111111', '111111', '111111', '111111', '111111', '111111', '111111', '111111', '111111', '111111', '111111', '111111', '111111', '111111', '111111', '111111', '111111', '111111', '111111', '111111'),
(207, 20, 6, '111111', '111111', '111111', '111111', '111111', '111111', '111111', '111111', '111111', '111111', '111111', '111111', '111111', '111111', '111111', '111111', '111111', '111111', '111111', '111111', '111111', '111111', '111111', '111111', '111111', '111111', '111111', '111111', '111111', '111111', '111111'),
(208, 20, 7, '111111', '111111', '111111', '111111', '111111', '111111', '111111', '111111', '111111', '111111', '111111', '111111', '111111', '111111', '111111', '111111', '111111', '111111', '111111', '111111', '111111', '111111', '111111', '111111', '111111', '111111', '111111', '111111', '111111', '111111', '111111'),
(209, 20, 8, '111111', '111111', '111111', '111111', '111111', '111111', '111111', '111111', '111111', '111111', '111111', '111111', '111111', '111111', '111111', '111111', '111111', '111111', '111111', '111111', '111111', '111111', '111111', '111111', '111111', '111111', '111111', '111111', '111111', '111111', '111111'),
(210, 20, 9, '111111', '111111', '111111', '111111', '111111', '111111', '111111', '111111', '111111', '111111', '111111', '111111', '111111', '111111', '111111', '111111', '111111', '111111', '111111', '111111', '111111', '111111', '111111', '111111', '111111', '111111', '111111', '111111', '111111', '111111', '111111'),
(211, 20, 10, '111111', '111111', '111111', '111111', '111111', '111111', '111111', '111111', '111111', '111111', '111111', '111111', '111111', '111111', '111111', '111111', '111111', '111111', '111111', '111111', '111111', '111111', '111111', '111111', '111111', '111111', '111111', '111111', '111111', '111111', '111111'),
(212, 20, 11, '111111', '111111', '111111', '111111', '111111', '111111', '111111', '111111', '111111', '111111', '111111', '111111', '111111', '111111', '111111', '111111', '111111', '111111', '111111', '111111', '111111', '111111', '111111', '111111', '111111', '111111', '111111', '111111', '111111', '111111', '111111'),
(213, 20, 12, '111111', '111111', '111111', '111111', '111111', '111111', '111111', '111111', '111111', '111111', '111111', '111111', '111111', '111111', '111111', '111111', '111111', '111111', '111111', '111111', '111111', '111111', '111111', '111111', '111111', '111111', '111111', '111111', '111111', '111111', '111111'),
(214, 21, 1, '111111', '111111', '111111', '111111', '111111', '111111', '111111', '111111', '111111', '111111', '111111', '111111', '111111', '111111', '111111', '111111', '111111', '111111', '111111', '111111', '111111', '111111', '111111', '111111', '111111', '111111', '111111', '111111', '111111', '111111', '111111'),
(215, 21, 2, '111111', '111111', '111111', '111111', '111111', '111111', '111111', '111111', '111111', '111111', '111111', '111111', '111111', '111111', '111111', '111111', '111111', '111111', '111111', '111111', '111111', '111111', '111111', '111111', '111111', '111111', '111111', '111111', '111111', '111111', '111111'),
(216, 21, 3, '111111', '111111', '111111', '111111', '111111', '111111', '111111', '111111', '111111', '111111', '111111', '111111', '111111', '111111', '111111', '111111', '111111', '111111', '111111', '111111', '111111', '111111', '111111', '111111', '111111', '111111', '111111', '111111', '111111', '111111', '111111'),
(217, 21, 6, '111111', '111111', '111111', '111111', '111111', '111111', '111111', '111111', '111111', '111111', '111111', '111111', '111111', '111111', '111111', '111111', '111111', '111111', '111111', '111111', '111111', '111111', '111111', '111111', '111111', '111111', '111111', '111111', '111111', '111111', '111111'),
(218, 21, 7, '111111', '111111', '111111', '111111', '111111', '111111', '111111', '111111', '111111', '111111', '111111', '111111', '111111', '111111', '111111', '111111', '111111', '111111', '111111', '111111', '111111', '111111', '111111', '111111', '111111', '111111', '111111', '111111', '111111', '111111', '111111'),
(219, 21, 8, '111111', '111111', '111111', '111111', '111111', '111111', '111111', '111111', '111111', '111111', '111111', '111111', '111111', '111111', '111111', '111111', '111111', '111111', '111111', '111111', '111111', '111111', '111111', '111111', '111111', '111111', '111111', '111111', '111111', '111111', '111111'),
(220, 21, 9, '111111', '111111', '111111', '111111', '111111', '111111', '111111', '111111', '111111', '111111', '111111', '111111', '111111', '111111', '111111', '111111', '111111', '111111', '111111', '111111', '111111', '111111', '111111', '111111', '111111', '111111', '111111', '111111', '111111', '111111', '111111'),
(221, 21, 10, '111111', '111111', '111111', '111111', '111111', '111111', '111111', '111111', '111111', '111111', '111111', '111111', '111111', '111111', '111111', '111111', '111111', '111111', '111111', '111111', '111111', '111111', '111111', '111111', '111111', '111111', '111111', '111111', '111111', '111111', '111111'),
(222, 21, 11, '111111', '111111', '111111', '111111', '111111', '111111', '111111', '111111', '111111', '111111', '111111', '111111', '111111', '111111', '111111', '111111', '111111', '111111', '111111', '111111', '111111', '111111', '111111', '111111', '111111', '111111', '111111', '111111', '111111', '111111', '111111'),
(223, 21, 12, '111111', '111111', '111111', '111111', '111111', '111111', '111111', '111111', '111111', '111111', '111111', '111111', '111111', '111111', '111111', '111111', '111111', '111111', '111111', '111111', '111111', '111111', '111111', '111111', '111111', '111111', '111111', '111111', '111111', '111111', '111111'),
(224, 22, 1, '111111', '111111', '111111', '111111', '111111', '111111', '111111', '111111', '111111', '111111', '111111', '111111', '111111', '111111', '111111', '111111', '111111', '111111', '111111', '111111', '111111', '111111', '111111', '111111', '111111', '111111', '111111', '111111', '111111', '111111', '111111'),
(225, 22, 2, '111111', '111111', '111111', '111111', '111111', '111111', '111111', '111111', '111111', '111111', '111111', '111111', '111111', '111111', '111111', '111111', '111111', '111111', '111111', '111111', '111111', '111111', '111111', '111111', '111111', '111111', '111111', '111111', '111111', '111111', '111111'),
(226, 22, 3, '111111', '111111', '111111', '111111', '111111', '111111', '111111', '111111', '111111', '111111', '111111', '111111', '111111', '111111', '111111', '111111', '111111', '111111', '111111', '111111', '111111', '111111', '111111', '111111', '111111', '111111', '111111', '111111', '111111', '111111', '111111'),
(227, 22, 6, '111111', '111111', '111111', '111111', '111111', '111111', '111111', '111111', '111111', '111111', '111111', '111111', '111111', '111111', '111111', '111111', '111111', '111111', '111111', '111111', '111111', '111111', '111111', '111111', '111111', '111111', '111111', '111111', '111111', '111111', '111111'),
(228, 22, 7, '111111', '111111', '111111', '111111', '111111', '111111', '111111', '111111', '111111', '111111', '111111', '111111', '111111', '111111', '111111', '111111', '111111', '111111', '111111', '111111', '111111', '111111', '111111', '111111', '111111', '111111', '111111', '111111', '111111', '111111', '111111'),
(229, 22, 8, '111111', '111111', '111111', '111111', '111111', '111111', '111111', '111111', '111111', '111111', '111111', '111111', '111111', '111111', '111111', '111111', '111111', '111111', '111111', '111111', '111111', '111111', '111111', '111111', '111111', '111111', '111111', '111111', '111111', '111111', '111111'),
(230, 22, 9, '111111', '111111', '111111', '111111', '111111', '111111', '111111', '111111', '111111', '111111', '111111', '111111', '111111', '111111', '111111', '111111', '111111', '111111', '111111', '111111', '111111', '111111', '111111', '111111', '111111', '111111', '111111', '111111', '111111', '111111', '111111'),
(231, 22, 10, '111111', '111111', '111111', '111111', '111111', '111111', '111111', '111111', '111111', '111111', '111111', '111111', '111111', '111111', '111111', '111111', '111111', '111111', '111111', '111111', '111111', '111111', '111111', '111111', '111111', '111111', '111111', '111111', '111111', '111111', '111111'),
(232, 22, 11, '111111', '111111', '111111', '111111', '111111', '111111', '111111', '111111', '111111', '111111', '111111', '111111', '111111', '111111', '111111', '111111', '111111', '111111', '111111', '111111', '111111', '111111', '111111', '111111', '111111', '111111', '111111', '111111', '111111', '111111', '111111'),
(233, 22, 12, '111111', '111111', '111111', '111111', '111111', '111111', '111111', '111111', '111111', '111111', '111111', '111111', '111111', '111111', '111111', '111111', '111111', '111111', '111111', '111111', '111111', '111111', '111111', '111111', '111111', '111111', '111111', '111111', '111111', '111111', '111111'),
(234, 23, 1, '111111', '111111', '111111', '111111', '111111', '111111', '111111', '111111', '111111', '111111', '111111', '111111', '111111', '111111', '111111', '111111', '111111', '111111', '111111', '111111', '111111', '111111', '111111', '111111', '111111', '111111', '111111', '111111', '111111', '111111', '111111'),
(235, 23, 2, '111111', '111111', '111111', '111111', '111111', '111111', '111111', '111111', '111111', '111111', '111111', '111111', '111111', '111111', '111111', '111111', '111111', '111111', '111111', '111111', '111111', '111111', '111111', '111111', '111111', '111111', '111111', '111111', '111111', '111111', '111111'),
(236, 23, 3, '111111', '111111', '111111', '111111', '111111', '111111', '111111', '111111', '111111', '111111', '111111', '111111', '111111', '111111', '111111', '111111', '111111', '111111', '111111', '111111', '111111', '111111', '111111', '111111', '111111', '111111', '111111', '111111', '111111', '111111', '111111'),
(237, 23, 6, '111111', '111111', '111111', '111111', '111111', '111111', '111111', '111111', '111111', '111111', '111111', '111111', '111111', '111111', '111111', '111111', '111111', '111111', '111111', '111111', '111111', '111111', '111111', '111111', '111111', '111111', '111111', '111111', '111111', '111111', '111111'),
(238, 23, 7, '111111', '111111', '111111', '111111', '111111', '111111', '111111', '111111', '111111', '111111', '111111', '111111', '111111', '111111', '111111', '111111', '111111', '111111', '111111', '111111', '111111', '111111', '111111', '111111', '111111', '111111', '111111', '111111', '111111', '111111', '111111'),
(239, 23, 8, '111111', '111111', '111111', '111111', '111111', '111111', '111111', '111111', '111111', '111111', '111111', '111111', '111111', '111111', '111111', '111111', '111111', '111111', '111111', '111111', '111111', '111111', '111111', '111111', '111111', '111111', '111111', '111111', '111111', '111111', '111111'),
(240, 23, 9, '111111', '111111', '111111', '111111', '111111', '111111', '111111', '111111', '111111', '111111', '111111', '111111', '111111', '111111', '111111', '111111', '111111', '111111', '111111', '111111', '111111', '111111', '111111', '111111', '111111', '111111', '111111', '111111', '111111', '111111', '111111'),
(241, 23, 10, '111111', '111111', '111111', '111111', '111111', '111111', '111111', '111111', '111111', '111111', '111111', '111111', '111111', '111111', '111111', '111111', '111111', '111111', '111111', '111111', '111111', '111111', '111111', '111111', '111111', '111111', '111111', '111111', '111111', '111111', '111111'),
(242, 23, 11, '111111', '111111', '111111', '111111', '111111', '111111', '111111', '111111', '111111', '111111', '111111', '111111', '111111', '111111', '111111', '111111', '111111', '111111', '111111', '111111', '111111', '111111', '111111', '111111', '111111', '111111', '111111', '111111', '111111', '111111', '111111'),
(243, 23, 12, '111111', '111111', '111111', '111111', '111111', '111111', '111111', '111111', '111111', '111111', '111111', '111111', '111111', '111111', '111111', '111111', '111111', '111111', '111111', '111111', '111111', '111111', '111111', '111111', '111111', '111111', '111111', '111111', '111111', '111111', '111111'),
(244, 24, 1, '111111', '111111', '111111', '111111', '111111', '111111', '111111', '111111', '111111', '111111', '111111', '111111', '111111', '111111', '111111', '111111', '111111', '111111', '111111', '111111', '111111', '111111', '111111', '111111', '111111', '111111', '111111', '111111', '111111', '111111', '111111'),
(245, 24, 2, '111111', '111111', '111111', '111111', '111111', '111111', '111111', '111111', '111111', '111111', '111111', '111111', '111111', '111111', '111111', '111111', '111111', '111111', '111111', '111111', '111111', '111111', '111111', '111111', '111111', '111111', '111111', '111111', '111111', '111111', '111111'),
(246, 24, 3, '111111', '111111', '111111', '111111', '111111', '111111', '111111', '111111', '111111', '111111', '111111', '111111', '111111', '111111', '111111', '111111', '111111', '111111', '111111', '111111', '111111', '111111', '111111', '111111', '111111', '111111', '111111', '111111', '111111', '111111', '111111'),
(247, 24, 6, '111111', '111111', '111111', '111111', '111111', '111111', '111111', '111111', '111111', '111111', '111111', '111111', '111111', '111111', '111111', '111111', '111111', '111111', '111111', '111111', '111111', '111111', '111111', '111111', '111111', '111111', '111111', '111111', '111111', '111111', '111111'),
(248, 24, 7, '111111', '111111', '111111', '111111', '111111', '111111', '111111', '111111', '111111', '111111', '111111', '111111', '111111', '111111', '111111', '111111', '111111', '111111', '111111', '111111', '111111', '111111', '111111', '111111', '111111', '111111', '111111', '111111', '111111', '111111', '111111'),
(249, 24, 8, '111111', '111111', '111111', '111111', '111111', '111111', '111111', '111111', '111111', '111111', '111111', '111111', '111111', '111111', '111111', '111111', '111111', '111111', '111111', '111111', '111111', '111111', '111111', '111111', '111111', '111111', '111111', '111111', '111111', '111111', '111111'),
(250, 24, 9, '111111', '111111', '111111', '111111', '111111', '111111', '111111', '111111', '111111', '111111', '111111', '111111', '111111', '111111', '111111', '111111', '111111', '111111', '111111', '111111', '111111', '111111', '111111', '111111', '111111', '111111', '111111', '111111', '111111', '111111', '111111'),
(251, 24, 10, '111111', '111111', '111111', '111111', '111111', '111111', '111111', '111111', '111111', '111111', '111111', '111111', '111111', '111111', '111111', '111111', '111111', '111111', '111111', '111111', '111111', '111111', '111111', '111111', '111111', '111111', '111111', '111111', '111111', '111111', '111111'),
(252, 24, 11, '111111', '111111', '111111', '111111', '111111', '111111', '111111', '111111', '111111', '111111', '111111', '111111', '111111', '111111', '111111', '111111', '111111', '111111', '111111', '111111', '111111', '111111', '111111', '111111', '111111', '111111', '111111', '111111', '111111', '111111', '111111'),
(253, 24, 12, '111111', '111111', '111111', '111111', '111111', '111111', '111111', '111111', '111111', '111111', '111111', '111111', '111111', '111111', '111111', '111111', '111111', '111111', '111111', '111111', '111111', '111111', '111111', '111111', '111111', '111111', '111111', '111111', '111111', '111111', '111111'),
(254, 30, 1, '111111', '111111', '111111', '111111', '111111', '111111', '111111', '111111', '111111', '111111', '111111', '111111', '111111', '111111', '111111', '111111', '111111', '111111', '111111', '111111', '111111', '111111', '111111', '111111', '111111', '111111', '111111', '111111', '111111', '111111', '111111'),
(255, 30, 2, '111111', '111111', '111111', '111111', '111111', '111111', '111111', '111111', '111111', '111111', '111111', '111111', '111111', '111111', '111111', '111111', '111111', '111111', '111111', '111111', '111111', '111111', '111111', '111111', '111111', '111111', '111111', '111111', '111111', '111111', '111111'),
(256, 30, 3, '111111', '111111', '111111', '111111', '111111', '111111', '111111', '111111', '111111', '111111', '111111', '111111', '111111', '111111', '111111', '111111', '111111', '111111', '111111', '111111', '111111', '111111', '111111', '111111', '111111', '111111', '111111', '111111', '111111', '111111', '111111'),
(257, 30, 6, '111111', '111111', '111111', '111111', '111111', '111111', '111111', '111111', '111111', '111111', '111111', '111111', '111111', '111111', '111111', '111111', '111111', '111111', '111111', '111111', '111111', '111111', '111111', '111111', '111111', '111111', '111111', '111111', '111111', '111111', '111111'),
(258, 30, 7, '111111', '111111', '111111', '111111', '111111', '111111', '111111', '111111', '111111', '111111', '111111', '111111', '111111', '111111', '111111', '111111', '111111', '111111', '111111', '111111', '111111', '111111', '111111', '111111', '111111', '111111', '111111', '111111', '111111', '111111', '111111'),
(259, 30, 8, '111111', '111111', '111111', '111111', '111111', '111111', '111111', '111111', '111111', '111111', '111111', '111111', '111111', '111111', '111111', '111111', '111111', '111111', '111111', '111111', '111111', '111111', '111111', '111111', '111111', '111111', '111111', '111111', '111111', '111111', '111111'),
(260, 30, 9, '111111', '111111', '111111', '111111', '111111', '111111', '111111', '111111', '111111', '111111', '111111', '111111', '111111', '111111', '111111', '111111', '111111', '111111', '111111', '111111', '111111', '111111', '111111', '111111', '111111', '111111', '111111', '111111', '111111', '111111', '111111'),
(261, 30, 10, '111111', '111111', '111111', '111111', '111111', '111111', '111111', '111111', '111111', '111111', '111111', '111111', '111111', '111111', '111111', '111111', '111111', '111111', '111111', '111111', '111111', '111111', '111111', '111111', '111111', '111111', '111111', '111111', '111111', '111111', '111111'),
(262, 30, 11, '111111', '111111', '111111', '111111', '111111', '111111', '111111', '111111', '111111', '111111', '111111', '111111', '111111', '111111', '111111', '111111', '111111', '111111', '111111', '111111', '111111', '111111', '111111', '111111', '111111', '111111', '111111', '111111', '111111', '111111', '111111'),
(263, 30, 12, '111111', '111111', '111111', '111111', '111111', '111111', '111111', '111111', '111111', '111111', '111111', '111111', '111111', '111111', '111111', '111111', '111111', '111111', '111111', '111111', '111111', '111111', '111111', '111111', '111111', '111111', '111111', '111111', '111111', '111111', '111111'),
(264, 31, 1, '111111', '111111', '111111', '111111', '111111', '111111', '111111', '111111', '111111', '111111', '111111', '111111', '111111', '111111', '111111', '111111', '111111', '111111', '111111', '111111', '111111', '111111', '111111', '111111', '111111', '111111', '111111', '111111', '111111', '111111', '111111'),
(265, 31, 2, '111111', '111111', '111111', '111111', '111111', '111111', '111111', '111111', '111111', '111111', '111111', '111111', '111111', '111111', '111111', '111111', '111111', '111111', '111111', '111111', '111111', '111111', '111111', '111111', '111111', '111111', '111111', '111111', '111111', '111111', '111111'),
(266, 31, 3, '111111', '111111', '111111', '111111', '111111', '111111', '111111', '111111', '111111', '111111', '111111', '111111', '111111', '111111', '111111', '111111', '111111', '111111', '111111', '111111', '111111', '111111', '111111', '111111', '111111', '111111', '111111', '111111', '111111', '111111', '111111'),
(267, 31, 6, '111111', '111111', '111111', '111111', '111111', '111111', '111111', '111111', '111111', '111111', '111111', '111111', '111111', '111111', '111111', '111111', '111111', '111111', '111111', '111111', '111111', '111111', '111111', '111111', '111111', '111111', '111111', '111111', '111111', '111111', '111111'),
(268, 31, 7, '111111', '111111', '111111', '111111', '111111', '111111', '111111', '111111', '111111', '111111', '111111', '111111', '111111', '111111', '111111', '111111', '111111', '111111', '111111', '111111', '111111', '111111', '111111', '111111', '111111', '111111', '111111', '111111', '111111', '111111', '111111'),
(269, 31, 8, '111111', '111111', '111111', '111111', '111111', '111111', '111111', '111111', '111111', '111111', '111111', '111111', '111111', '111111', '111111', '111111', '111111', '111111', '111111', '111111', '111111', '111111', '111111', '111111', '111111', '111111', '111111', '111111', '111111', '111111', '111111'),
(270, 31, 9, '111111', '111111', '111111', '111111', '111111', '111111', '111111', '111111', '111111', '111111', '111111', '111111', '111111', '111111', '111111', '111111', '111111', '111111', '111111', '111111', '111111', '111111', '111111', '111111', '111111', '111111', '111111', '111111', '111111', '111111', '111111'),
(271, 31, 10, '111111', '111111', '111111', '111111', '111111', '111111', '111111', '111111', '111111', '111111', '111111', '111111', '111111', '111111', '111111', '111111', '111111', '111111', '111111', '111111', '111111', '111111', '111111', '111111', '111111', '111111', '111111', '111111', '111111', '111111', '111111'),
(272, 31, 11, '111111', '111111', '111111', '111111', '111111', '111111', '111111', '111111', '111111', '111111', '111111', '111111', '111111', '111111', '111111', '111111', '111111', '111111', '111111', '111111', '111111', '111111', '111111', '111111', '111111', '111111', '111111', '111111', '111111', '111111', '111111'),
(273, 31, 12, '111111', '111111', '111111', '111111', '111111', '111111', '111111', '111111', '111111', '111111', '111111', '111111', '111111', '111111', '111111', '111111', '111111', '111111', '111111', '111111', '111111', '111111', '111111', '111111', '111111', '111111', '111111', '111111', '111111', '111111', '111111'),
(274, 32, 1, '111111', '111111', '111111', '111111', '111111', '111111', '111111', '111111', '111111', '111111', '111111', '111111', '111111', '111111', '111111', '111111', '111111', '111111', '111111', '111111', '111111', '111111', '111111', '111111', '111111', '111111', '111111', '111111', '111111', '111111', '111111'),
(275, 32, 2, '111111', '111111', '111111', '111111', '111111', '111111', '111111', '111111', '111111', '111111', '111111', '111111', '111111', '111111', '111111', '111111', '111111', '111111', '111111', '111111', '111111', '111111', '111111', '111111', '111111', '111111', '111111', '111111', '111111', '111111', '111111'),
(276, 32, 3, '111111', '111111', '111111', '111111', '111111', '111111', '111111', '111111', '111111', '111111', '111111', '111111', '111111', '111111', '111111', '111111', '111111', '111111', '111111', '111111', '111111', '111111', '111111', '111111', '111111', '111111', '111111', '111111', '111111', '111111', '111111'),
(277, 32, 6, '111111', '111111', '111111', '111111', '111111', '111111', '111111', '111111', '111111', '111111', '111111', '111111', '111111', '111111', '111111', '111111', '111111', '111111', '111111', '111111', '111111', '111111', '111111', '111111', '111111', '111111', '111111', '111111', '111111', '111111', '111111'),
(278, 32, 7, '111111', '111111', '111111', '111111', '111111', '111111', '111111', '111111', '111111', '111111', '111111', '111111', '111111', '111111', '111111', '111111', '111111', '111111', '111111', '111111', '111111', '111111', '111111', '111111', '111111', '111111', '111111', '111111', '111111', '111111', '111111'),
(279, 32, 8, '111111', '111111', '111111', '111111', '111111', '111111', '111111', '111111', '111111', '111111', '111111', '111111', '111111', '111111', '111111', '111111', '111111', '111111', '111111', '111111', '111111', '111111', '111111', '111111', '111111', '111111', '111111', '111111', '111111', '111111', '111111'),
(280, 32, 9, '111111', '111111', '111111', '111111', '111111', '111111', '111111', '111111', '111111', '111111', '111111', '111111', '111111', '111111', '111111', '111111', '111111', '111111', '111111', '111111', '111111', '111111', '111111', '111111', '111111', '111111', '111111', '111111', '111111', '111111', '111111'),
(281, 32, 10, '111111', '111111', '111111', '111111', '111111', '111111', '111111', '111111', '111111', '111111', '111111', '111111', '111111', '111111', '111111', '111111', '111111', '111111', '111111', '111111', '111111', '111111', '111111', '111111', '111111', '111111', '111111', '111111', '111111', '111111', '111111'),
(282, 32, 11, '111111', '111111', '111111', '111111', '111111', '111111', '111111', '111111', '111111', '111111', '111111', '111111', '111111', '111111', '111111', '111111', '111111', '111111', '111111', '111111', '111111', '111111', '111111', '111111', '111111', '111111', '111111', '111111', '111111', '111111', '111111'),
(283, 32, 12, '111111', '111111', '111111', '111111', '111111', '111111', '111111', '111111', '111111', '111111', '111111', '111111', '111111', '111111', '111111', '111111', '111111', '111111', '111111', '111111', '111111', '111111', '111111', '111111', '111111', '111111', '111111', '111111', '111111', '111111', '111111'),
(284, 33, 1, '111111', '111111', '111111', '111111', '111111', '111111', '111111', '111111', '111111', '111111', '111111', '111111', '111111', '111111', '111111', '111111', '111111', '111111', '111111', '111111', '111111', '111111', '111111', '111111', '111111', '111111', '111111', '111111', '111111', '111111', '111111'),
(285, 33, 2, '111111', '111111', '111111', '111111', '111111', '111111', '111111', '111111', '111111', '111111', '111111', '111111', '111111', '111111', '111111', '111111', '111111', '111111', '111111', '111111', '111111', '111111', '111111', '111111', '111111', '111111', '111111', '111111', '111111', '111111', '111111'),
(286, 33, 3, '111111', '111111', '111111', '111111', '111111', '111111', '111111', '111111', '111111', '111111', '111111', '111111', '111111', '111111', '111111', '111111', '111111', '111111', '111111', '111111', '111111', '111111', '111111', '111111', '111111', '111111', '111111', '111111', '111111', '111111', '111111'),
(287, 33, 6, '111111', '111111', '111111', '111111', '111111', '111111', '111111', '111111', '111111', '111111', '111111', '111111', '111111', '111111', '111111', '111111', '111111', '111111', '111111', '111111', '111111', '111111', '111111', '111111', '111111', '111111', '111111', '111111', '111111', '111111', '111111'),
(288, 33, 7, '111111', '111111', '111111', '111111', '111111', '111111', '111111', '111111', '111111', '111111', '111111', '111111', '111111', '111111', '111111', '111111', '111111', '111111', '111111', '111111', '111111', '111111', '111111', '111111', '111111', '111111', '111111', '111111', '111111', '111111', '111111'),
(289, 33, 8, '111111', '111111', '111111', '111111', '111111', '111111', '111111', '111111', '111111', '111111', '111111', '111111', '111111', '111111', '111111', '111111', '111111', '111111', '111111', '111111', '111111', '111111', '111111', '111111', '111111', '111111', '111111', '111111', '111111', '111111', '111111'),
(290, 33, 9, '111111', '111111', '111111', '111111', '111111', '111111', '111111', '111111', '111111', '111111', '111111', '111111', '111111', '111111', '111111', '111111', '111111', '111111', '111111', '111111', '111111', '111111', '111111', '111111', '111111', '111111', '111111', '111111', '111111', '111111', '111111'),
(291, 33, 10, '111111', '111111', '111111', '111111', '111111', '111111', '111111', '111111', '111111', '111111', '111111', '111111', '111111', '111111', '111111', '111111', '111111', '111111', '111111', '111111', '111111', '111111', '111111', '111111', '111111', '111111', '111111', '111111', '111111', '111111', '111111'),
(292, 33, 11, '111111', '111111', '111111', '111111', '111111', '111111', '111111', '111111', '111111', '111111', '111111', '111111', '111111', '111111', '111111', '111111', '111111', '111111', '111111', '111111', '111111', '111111', '111111', '111111', '111111', '111111', '111111', '111111', '111111', '111111', '111111'),
(293, 33, 12, '111111', '111111', '111111', '111111', '111111', '111111', '111111', '111111', '111111', '111111', '111111', '111111', '111111', '111111', '111111', '111111', '111111', '111111', '111111', '111111', '111111', '111111', '111111', '111111', '111111', '111111', '111111', '111111', '111111', '111111', '111111'),
(294, 31, 1, '111111', '111111', '111111', '111111', '111111', '111111', '111111', '111111', '111111', '111111', '111111', '111111', '111111', '111111', '111111', '111111', '111111', '111111', '111111', '111111', '111111', '111111', '111111', '111111', '111111', '111111', '111111', '111111', '111111', '111111', '111111'),
(295, 31, 2, '111111', '111111', '111111', '111111', '111111', '111111', '111111', '111111', '111111', '111111', '111111', '111111', '111111', '111111', '111111', '111111', '111111', '111111', '111111', '111111', '111111', '111111', '111111', '111111', '111111', '111111', '111111', '111111', '111111', '111111', '111111'),
(296, 31, 3, '111111', '111111', '111111', '111111', '111111', '111111', '111111', '111111', '111111', '111111', '111111', '111111', '111111', '111111', '111111', '111111', '111111', '111111', '111111', '111111', '111111', '111111', '111111', '111111', '111111', '111111', '111111', '111111', '111111', '111111', '111111'),
(297, 31, 6, '111111', '111111', '111111', '111111', '111111', '111111', '111111', '111111', '111111', '111111', '111111', '111111', '111111', '111111', '111111', '111111', '111111', '111111', '111111', '111111', '111111', '111111', '111111', '111111', '111111', '111111', '111111', '111111', '111111', '111111', '111111'),
(298, 31, 7, '111111', '111111', '111111', '111111', '111111', '111111', '111111', '111111', '111111', '111111', '111111', '111111', '111111', '111111', '111111', '111111', '111111', '111111', '111111', '111111', '111111', '111111', '111111', '111111', '111111', '111111', '111111', '111111', '111111', '111111', '111111'),
(299, 31, 8, '111111', '111111', '111111', '111111', '111111', '111111', '111111', '111111', '111111', '111111', '111111', '111111', '111111', '111111', '111111', '111111', '111111', '111111', '111111', '111111', '111111', '111111', '111111', '111111', '111111', '111111', '111111', '111111', '111111', '111111', '111111'),
(300, 31, 9, '111111', '111111', '111111', '111111', '111111', '111111', '111111', '111111', '111111', '111111', '111111', '111111', '111111', '111111', '111111', '111111', '111111', '111111', '111111', '111111', '111111', '111111', '111111', '111111', '111111', '111111', '111111', '111111', '111111', '111111', '111111'),
(301, 31, 10, '111111', '111111', '111111', '111111', '111111', '111111', '111111', '111111', '111111', '111111', '111111', '111111', '111111', '111111', '111111', '111111', '111111', '111111', '111111', '111111', '111111', '111111', '111111', '111111', '111111', '111111', '111111', '111111', '111111', '111111', '111111'),
(302, 31, 11, '111111', '111111', '111111', '111111', '111111', '111111', '111111', '111111', '111111', '111111', '111111', '111111', '111111', '111111', '111111', '111111', '111111', '111111', '111111', '111111', '111111', '111111', '111111', '111111', '111111', '111111', '111111', '111111', '111111', '111111', '111111'),
(303, 31, 12, '111111', '111111', '111111', '111111', '111111', '111111', '111111', '111111', '111111', '111111', '111111', '111111', '111111', '111111', '111111', '111111', '111111', '111111', '111111', '111111', '111111', '111111', '111111', '111111', '111111', '111111', '111111', '111111', '111111', '111111', '111111'),
(304, 32, 1, '111111', '111111', '111111', '111111', '111111', '111111', '111111', '111111', '111111', '111111', '111111', '111111', '111111', '111111', '111111', '111111', '111111', '111111', '111111', '111111', '111111', '111111', '111111', '111111', '111111', '111111', '111111', '111111', '111111', '111111', '111111'),
(305, 32, 2, '111111', '111111', '111111', '111111', '111111', '111111', '111111', '111111', '111111', '111111', '111111', '111111', '111111', '111111', '111111', '111111', '111111', '111111', '111111', '111111', '111111', '111111', '111111', '111111', '111111', '111111', '111111', '111111', '111111', '111111', '111111'),
(306, 32, 3, '111111', '111111', '111111', '111111', '111111', '111111', '111111', '111111', '111111', '111111', '111111', '111111', '111111', '111111', '111111', '111111', '111111', '111111', '111111', '111111', '111111', '111111', '111111', '111111', '111111', '111111', '111111', '111111', '111111', '111111', '111111'),
(307, 32, 6, '111111', '111111', '111111', '111111', '111111', '111111', '111111', '111111', '111111', '111111', '111111', '111111', '111111', '111111', '111111', '111111', '111111', '111111', '111111', '111111', '111111', '111111', '111111', '111111', '111111', '111111', '111111', '111111', '111111', '111111', '111111'),
(308, 32, 7, '111111', '111111', '111111', '111111', '111111', '111111', '111111', '111111', '111111', '111111', '111111', '111111', '111111', '111111', '111111', '111111', '111111', '111111', '111111', '111111', '111111', '111111', '111111', '111111', '111111', '111111', '111111', '111111', '111111', '111111', '111111'),
(309, 32, 8, '111111', '111111', '111111', '111111', '111111', '111111', '111111', '111111', '111111', '111111', '111111', '111111', '111111', '111111', '111111', '111111', '111111', '111111', '111111', '111111', '111111', '111111', '111111', '111111', '111111', '111111', '111111', '111111', '111111', '111111', '111111'),
(310, 32, 9, '111111', '111111', '111111', '111111', '111111', '111111', '111111', '111111', '111111', '111111', '111111', '111111', '111111', '111111', '111111', '111111', '111111', '111111', '111111', '111111', '111111', '111111', '111111', '111111', '111111', '111111', '111111', '111111', '111111', '111111', '111111'),
(311, 32, 10, '111111', '111111', '111111', '111111', '111111', '111111', '111111', '111111', '111111', '111111', '111111', '111111', '111111', '111111', '111111', '111111', '111111', '111111', '111111', '111111', '111111', '111111', '111111', '111111', '111111', '111111', '111111', '111111', '111111', '111111', '111111'),
(312, 32, 11, '111111', '111111', '111111', '111111', '111111', '111111', '111111', '111111', '111111', '111111', '111111', '111111', '111111', '111111', '111111', '111111', '111111', '111111', '111111', '111111', '111111', '111111', '111111', '111111', '111111', '111111', '111111', '111111', '111111', '111111', '111111'),
(313, 32, 12, '111111', '111111', '111111', '111111', '111111', '111111', '111111', '111111', '111111', '111111', '111111', '111111', '111111', '111111', '111111', '111111', '111111', '111111', '111111', '111111', '111111', '111111', '111111', '111111', '111111', '111111', '111111', '111111', '111111', '111111', '111111'),
(314, 31, 1, '111111', '111111', '111111', '111111', '111111', '111111', '111111', '111111', '111111', '111111', '111111', '111111', '111111', '111111', '111111', '111111', '111111', '111111', '111111', '111111', '111111', '111111', '111111', '111111', '111111', '111111', '111111', '111111', '111111', '111111', '111111'),
(315, 31, 2, '111111', '111111', '111111', '111111', '111111', '111111', '111111', '111111', '111111', '111111', '111111', '111111', '111111', '111111', '111111', '111111', '111111', '111111', '111111', '111111', '111111', '111111', '111111', '111111', '111111', '111111', '111111', '111111', '111111', '111111', '111111'),
(316, 31, 3, '111111', '111111', '111111', '111111', '111111', '111111', '111111', '111111', '111111', '111111', '111111', '111111', '111111', '111111', '111111', '111111', '111111', '111111', '111111', '111111', '111111', '111111', '111111', '111111', '111111', '111111', '111111', '111111', '111111', '111111', '111111'),
(317, 31, 6, '111111', '111111', '111111', '111111', '111111', '111111', '111111', '111111', '111111', '111111', '111111', '111111', '111111', '111111', '111111', '111111', '111111', '111111', '111111', '111111', '111111', '111111', '111111', '111111', '111111', '111111', '111111', '111111', '111111', '111111', '111111'),
(318, 31, 7, '111111', '111111', '111111', '111111', '111111', '111111', '111111', '111111', '111111', '111111', '111111', '111111', '111111', '111111', '111111', '111111', '111111', '111111', '111111', '111111', '111111', '111111', '111111', '111111', '111111', '111111', '111111', '111111', '111111', '111111', '111111'),
(319, 31, 8, '111111', '111111', '111111', '111111', '111111', '111111', '111111', '111111', '111111', '111111', '111111', '111111', '111111', '111111', '111111', '111111', '111111', '111111', '111111', '111111', '111111', '111111', '111111', '111111', '111111', '111111', '111111', '111111', '111111', '111111', '111111'),
(320, 31, 9, '111111', '111111', '111111', '111111', '111111', '111111', '111111', '111111', '111111', '111111', '111111', '111111', '111111', '111111', '111111', '111111', '111111', '111111', '111111', '111111', '111111', '111111', '111111', '111111', '111111', '111111', '111111', '111111', '111111', '111111', '111111'),
(321, 31, 10, '111111', '111111', '111111', '111111', '111111', '111111', '111111', '111111', '111111', '111111', '111111', '111111', '111111', '111111', '111111', '111111', '111111', '111111', '111111', '111111', '111111', '111111', '111111', '111111', '111111', '111111', '111111', '111111', '111111', '111111', '111111');
INSERT INTO `pickup` (`ProId`, `StuId`, `Month`, `Day1`, `Day2`, `Day3`, `Day4`, `Day5`, `Day6`, `Day7`, `Day8`, `Day9`, `Day10`, `Day11`, `Day12`, `Day13`, `Day14`, `Day15`, `Day16`, `Day17`, `Day18`, `Day19`, `Day20`, `Day21`, `Day22`, `Day23`, `Day24`, `Day25`, `Day26`, `Day27`, `Day28`, `Day29`, `Day30`, `Day31`) VALUES
(322, 31, 11, '111111', '111111', '111111', '111111', '111111', '111111', '111111', '111111', '111111', '111111', '111111', '111111', '111111', '111111', '111111', '111111', '111111', '111111', '111111', '111111', '111111', '111111', '111111', '111111', '111111', '111111', '111111', '111111', '111111', '111111', '111111'),
(323, 31, 12, '111111', '111111', '111111', '111111', '111111', '111111', '111111', '111111', '111111', '111111', '111111', '111111', '111111', '111111', '111111', '111111', '111111', '111111', '111111', '111111', '111111', '111111', '111111', '111111', '111111', '111111', '111111', '111111', '111111', '111111', '111111'),
(324, 32, 1, '111111', '111111', '111111', '111111', '111111', '111111', '111111', '111111', '111111', '111111', '111111', '111111', '111111', '111111', '111111', '111111', '111111', '111111', '111111', '111111', '111111', '111111', '111111', '111111', '111111', '111111', '111111', '111111', '111111', '111111', '111111'),
(325, 32, 2, '111111', '111111', '111111', '111111', '111111', '111111', '111111', '111111', '111111', '111111', '111111', '111111', '111111', '111111', '111111', '111111', '111111', '111111', '111111', '111111', '111111', '111111', '111111', '111111', '111111', '111111', '111111', '111111', '111111', '111111', '111111'),
(326, 32, 3, '111111', '111111', '111111', '111111', '111111', '111111', '111111', '111111', '111111', '111111', '111111', '111111', '111111', '111111', '111111', '111111', '111111', '111111', '111111', '111111', '111111', '111111', '111111', '111111', '111111', '111111', '111111', '111111', '111111', '111111', '111111'),
(327, 32, 6, '111111', '111111', '111111', '111111', '111111', '111111', '111111', '111111', '111111', '111111', '111111', '111111', '111111', '111111', '111111', '111111', '111111', '111111', '111111', '111111', '111111', '111111', '111111', '111111', '111111', '111111', '111111', '111111', '111111', '111111', '111111'),
(328, 32, 7, '111111', '111111', '111111', '111111', '111111', '111111', '111111', '111111', '111111', '111111', '111111', '111111', '111111', '111111', '111111', '111111', '111111', '111111', '111111', '111111', '111111', '111111', '111111', '111111', '111111', '111111', '111111', '111111', '111111', '111111', '111111'),
(329, 32, 8, '111111', '111111', '111111', '111111', '111111', '111111', '111111', '111111', '111111', '111111', '111111', '111111', '111111', '111111', '111111', '111111', '111111', '111111', '111111', '111111', '111111', '111111', '111111', '111111', '111111', '111111', '111111', '111111', '111111', '111111', '111111'),
(330, 32, 9, '111111', '111111', '111111', '111111', '111111', '111111', '111111', '111111', '111111', '111111', '111111', '111111', '111111', '111111', '111111', '111111', '111111', '111111', '111111', '111111', '111111', '111111', '111111', '111111', '111111', '111111', '111111', '111111', '111111', '111111', '111111'),
(331, 32, 10, '111111', '111111', '111111', '111111', '111111', '111111', '111111', '111111', '111111', '111111', '111111', '111111', '111111', '111111', '111111', '111111', '111111', '111111', '111111', '111111', '111111', '111111', '111111', '111111', '111111', '111111', '111111', '111111', '111111', '111111', '111111'),
(332, 32, 11, '111111', '111111', '111111', '111111', '111111', '111111', '111111', '111111', '111111', '111111', '111111', '111111', '111111', '111111', '111111', '111111', '111111', '111111', '111111', '111111', '111111', '111111', '111111', '111111', '111111', '111111', '111111', '111111', '111111', '111111', '111111'),
(333, 32, 12, '111111', '111111', '111111', '111111', '111111', '111111', '111111', '111111', '111111', '111111', '111111', '111111', '111111', '111111', '111111', '111111', '111111', '111111', '111111', '111111', '111111', '111111', '111111', '111111', '111111', '111111', '111111', '111111', '111111', '111111', '111111'),
(334, 31, 1, '111111', '111111', '111111', '111111', '111111', '111111', '111111', '111111', '111111', '111111', '111111', '111111', '111111', '111111', '111111', '111111', '111111', '111111', '111111', '111111', '111111', '111111', '111111', '111111', '111111', '111111', '111111', '111111', '111111', '111111', '111111'),
(335, 31, 2, '111111', '111111', '111111', '111111', '111111', '111111', '111111', '111111', '111111', '111111', '111111', '111111', '111111', '111111', '111111', '111111', '111111', '111111', '111111', '111111', '111111', '111111', '111111', '111111', '111111', '111111', '111111', '111111', '111111', '111111', '111111'),
(336, 31, 3, '111111', '111111', '111111', '111111', '111111', '111111', '111111', '111111', '111111', '111111', '111111', '111111', '111111', '111111', '111111', '111111', '111111', '111111', '111111', '111111', '111111', '111111', '111111', '111111', '111111', '111111', '111111', '111111', '111111', '111111', '111111'),
(337, 31, 6, '111111', '111111', '111111', '111111', '111111', '111111', '111111', '111111', '111111', '111111', '111111', '111111', '111111', '111111', '111111', '111111', '111111', '111111', '111111', '111111', '111111', '111111', '111111', '111111', '111111', '111111', '111111', '111111', '111111', '111111', '111111'),
(338, 31, 7, '111111', '111111', '111111', '111111', '111111', '111111', '111111', '111111', '111111', '111111', '111111', '111111', '111111', '111111', '111111', '111111', '111111', '111111', '111111', '111111', '111111', '111111', '111111', '111111', '111111', '111111', '111111', '111111', '111111', '111111', '111111'),
(339, 31, 8, '111111', '111111', '111111', '111111', '111111', '111111', '111111', '111111', '111111', '111111', '111111', '111111', '111111', '111111', '111111', '111111', '111111', '111111', '111111', '111111', '111111', '111111', '111111', '111111', '111111', '111111', '111111', '111111', '111111', '111111', '111111'),
(340, 31, 9, '111111', '111111', '111111', '111111', '111111', '111111', '111111', '111111', '111111', '111111', '111111', '111111', '111111', '111111', '111111', '111111', '111111', '111111', '111111', '111111', '111111', '111111', '111111', '111111', '111111', '111111', '111111', '111111', '111111', '111111', '111111'),
(341, 31, 10, '111111', '111111', '111111', '111111', '111111', '111111', '111111', '111111', '111111', '111111', '111111', '111111', '111111', '111111', '111111', '111111', '111111', '111111', '111111', '111111', '111111', '111111', '111111', '111111', '111111', '111111', '111111', '111111', '111111', '111111', '111111'),
(342, 31, 11, '111111', '111111', '111111', '111111', '111111', '111111', '111111', '111111', '111111', '111111', '111111', '111111', '111111', '111111', '111111', '111111', '111111', '111111', '111111', '111111', '111111', '111111', '111111', '111111', '111111', '111111', '111111', '111111', '111111', '111111', '111111'),
(343, 31, 12, '111111', '111111', '111111', '111111', '111111', '111111', '111111', '111111', '111111', '111111', '111111', '111111', '111111', '111111', '111111', '111111', '111111', '111111', '111111', '111111', '111111', '111111', '111111', '111111', '111111', '111111', '111111', '111111', '111111', '111111', '111111'),
(344, 32, 1, '111111', '111111', '111111', '111111', '111111', '111111', '111111', '111111', '111111', '111111', '111111', '111111', '111111', '111111', '111111', '111111', '111111', '111111', '111111', '111111', '111111', '111111', '111111', '111111', '111111', '111111', '111111', '111111', '111111', '111111', '111111'),
(345, 32, 2, '111111', '111111', '111111', '111111', '111111', '111111', '111111', '111111', '111111', '111111', '111111', '111111', '111111', '111111', '111111', '111111', '111111', '111111', '111111', '111111', '111111', '111111', '111111', '111111', '111111', '111111', '111111', '111111', '111111', '111111', '111111'),
(346, 32, 3, '111111', '111111', '111111', '111111', '111111', '111111', '111111', '111111', '111111', '111111', '111111', '111111', '111111', '111111', '111111', '111111', '111111', '111111', '111111', '111111', '111111', '111111', '111111', '111111', '111111', '111111', '111111', '111111', '111111', '111111', '111111'),
(347, 32, 6, '111111', '111111', '111111', '111111', '111111', '111111', '111111', '111111', '111111', '111111', '111111', '111111', '111111', '111111', '111111', '111111', '111111', '111111', '111111', '111111', '111111', '111111', '111111', '111111', '111111', '111111', '111111', '111111', '111111', '111111', '111111'),
(348, 32, 7, '111111', '111111', '111111', '111111', '111111', '111111', '111111', '111111', '111111', '111111', '111111', '111111', '111111', '111111', '111111', '111111', '111111', '111111', '111111', '111111', '111111', '111111', '111111', '111111', '111111', '111111', '111111', '111111', '111111', '111111', '111111'),
(349, 32, 8, '111111', '111111', '111111', '111111', '111111', '111111', '111111', '111111', '111111', '111111', '111111', '111111', '111111', '111111', '111111', '111111', '111111', '111111', '111111', '111111', '111111', '111111', '111111', '111111', '111111', '111111', '111111', '111111', '111111', '111111', '111111'),
(350, 32, 9, '111111', '111111', '111111', '111111', '111111', '111111', '111111', '111111', '111111', '111111', '111111', '111111', '111111', '111111', '111111', '111111', '111111', '111111', '111111', '111111', '111111', '111111', '111111', '111111', '111111', '111111', '111111', '111111', '111111', '111111', '111111'),
(351, 32, 10, '111111', '111111', '111111', '111111', '111111', '111111', '111111', '111111', '111111', '111111', '111111', '111111', '111111', '111111', '111111', '111111', '111111', '111111', '111111', '111111', '111111', '111111', '111111', '111111', '111111', '111111', '111111', '111111', '111111', '111111', '111111'),
(352, 32, 11, '111111', '111111', '111111', '111111', '111111', '111111', '111111', '111111', '111111', '111111', '111111', '111111', '111111', '111111', '111111', '111111', '111111', '111111', '111111', '111111', '111111', '111111', '111111', '111111', '111111', '111111', '111111', '111111', '111111', '111111', '111111'),
(353, 32, 12, '111111', '111111', '111111', '111111', '111111', '111111', '111111', '111111', '111111', '111111', '111111', '111111', '111111', '111111', '111111', '111111', '111111', '111111', '111111', '111111', '111111', '111111', '111111', '111111', '111111', '111111', '111111', '111111', '111111', '111111', '111111'),
(354, 33, 1, '111111', '111111', '111111', '111111', '111111', '111111', '111111', '111111', '111111', '111111', '111111', '111111', '111111', '111111', '111111', '111111', '111111', '111111', '111111', '111111', '111111', '111111', '111111', '111111', '111111', '111111', '111111', '111111', '111111', '111111', '111111'),
(355, 33, 2, '111111', '111111', '111111', '111111', '111111', '111111', '111111', '111111', '111111', '111111', '111111', '111111', '111111', '111111', '111111', '111111', '111111', '111111', '111111', '111111', '111111', '111111', '111111', '111111', '111111', '111111', '111111', '111111', '111111', '111111', '111111'),
(356, 33, 3, '111111', '111111', '111111', '111111', '111111', '111111', '111111', '111111', '111111', '111111', '111111', '111111', '111111', '111111', '111111', '111111', '111111', '111111', '111111', '111111', '111111', '111111', '111111', '111111', '111111', '111111', '111111', '111111', '111111', '111111', '111111'),
(357, 33, 6, '111111', '111111', '111111', '111111', '111111', '111111', '111111', '111111', '111111', '111111', '111111', '111111', '111111', '111111', '111111', '111111', '111111', '111111', '111111', '111111', '111111', '111111', '111111', '111111', '111111', '111111', '111111', '111111', '111111', '111111', '111111'),
(358, 33, 7, '111111', '111111', '111111', '111111', '111111', '111111', '111111', '111111', '111111', '111111', '111111', '111111', '111111', '111111', '111111', '111111', '111111', '111111', '111111', '111111', '111111', '111111', '111111', '111111', '111111', '111111', '111111', '111111', '111111', '111111', '111111'),
(359, 33, 8, '111111', '111111', '111111', '111111', '111111', '111111', '111111', '111111', '111111', '111111', '111111', '111111', '111111', '111111', '111111', '111111', '111111', '111111', '111111', '111111', '111111', '111111', '111111', '111111', '111111', '111111', '111111', '111111', '111111', '111111', '111111'),
(360, 33, 9, '111111', '111111', '111111', '111111', '111111', '111111', '111111', '111111', '111111', '111111', '111111', '111111', '111111', '111111', '111111', '111111', '111111', '111111', '111111', '111111', '111111', '111111', '111111', '111111', '111111', '111111', '111111', '111111', '111111', '111111', '111111'),
(361, 33, 10, '111111', '111111', '111111', '111111', '111111', '111111', '111111', '111111', '111111', '111111', '111111', '111111', '111111', '111111', '111111', '111111', '111111', '111111', '111111', '111111', '111111', '111111', '111111', '111111', '111111', '111111', '111111', '111111', '111111', '111111', '111111'),
(362, 33, 11, '111111', '111111', '111111', '111111', '111111', '111111', '111111', '111111', '111111', '111111', '111111', '111111', '111111', '111111', '111111', '111111', '111111', '111111', '111111', '111111', '111111', '111111', '111111', '111111', '111111', '111111', '111111', '111111', '111111', '111111', '111111'),
(363, 33, 12, '111111', '111111', '111111', '111111', '111111', '111111', '111111', '111111', '111111', '111111', '111111', '111111', '111111', '111111', '111111', '111111', '111111', '111111', '111111', '111111', '111111', '111111', '111111', '111111', '111111', '111111', '111111', '111111', '111111', '111111', '111111'),
(364, 34, 1, '111111', '111111', '111111', '111111', '111111', '111111', '111111', '111111', '111111', '111111', '111111', '111111', '111111', '111111', '111111', '111111', '111111', '111111', '111111', '111111', '111111', '111111', '111111', '111111', '111111', '111111', '111111', '111111', '111111', '111111', '111111'),
(365, 34, 2, '111111', '111111', '111111', '111111', '111111', '111111', '111111', '111111', '111111', '111111', '111111', '111111', '111111', '111111', '111111', '111111', '111111', '111111', '111111', '111111', '111111', '111111', '111111', '111111', '111111', '111111', '111111', '111111', '111111', '111111', '111111'),
(366, 34, 3, '111111', '111111', '111111', '111111', '111111', '111111', '111111', '111111', '111111', '111111', '111111', '111111', '111111', '111111', '111111', '111111', '111111', '111111', '111111', '111111', '111111', '111111', '111111', '111111', '111111', '111111', '111111', '111111', '111111', '111111', '111111'),
(367, 34, 6, '111111', '111111', '111111', '111111', '111111', '111111', '111111', '111111', '111111', '111111', '111111', '111111', '111111', '111111', '111111', '111111', '111111', '111111', '111111', '111111', '111111', '111111', '111111', '111111', '111111', '111111', '111111', '111111', '111111', '111111', '111111'),
(368, 34, 7, '111111', '111111', '111111', '111111', '111111', '111111', '111111', '111111', '111111', '111111', '111111', '111111', '111111', '111111', '111111', '111111', '111111', '111111', '111111', '111111', '111111', '111111', '111111', '111111', '111111', '111111', '111111', '111111', '111111', '111111', '111111'),
(369, 34, 8, '111111', '111111', '111111', '111111', '111111', '111111', '111111', '111111', '111111', '111111', '111111', '111111', '111111', '111111', '111111', '111111', '111111', '111111', '111111', '111111', '111111', '111111', '111111', '111111', '111111', '111111', '111111', '111111', '111111', '111111', '111111'),
(370, 34, 9, '111111', '111111', '111111', '111111', '111111', '111111', '111111', '111111', '111111', '111111', '111111', '111111', '111111', '111111', '111111', '111111', '111111', '111111', '111111', '111111', '111111', '111111', '111111', '111111', '111111', '111111', '111111', '111111', '111111', '111111', '111111'),
(371, 34, 10, '111111', '111111', '111111', '111111', '111111', '111111', '111111', '111111', '111111', '111111', '111111', '111111', '111111', '111111', '111111', '111111', '111111', '111111', '111111', '111111', '111111', '111111', '111111', '111111', '111111', '111111', '111111', '111111', '111111', '111111', '111111'),
(372, 34, 11, '111111', '111111', '111111', '111111', '111111', '111111', '111111', '111111', '111111', '111111', '111111', '111111', '111111', '111111', '111111', '111111', '111111', '111111', '111111', '111111', '111111', '111111', '111111', '111111', '111111', '111111', '111111', '111111', '111111', '111111', '111111'),
(373, 34, 12, '111111', '111111', '111111', '111111', '111111', '111111', '111111', '111111', '111111', '111111', '111111', '111111', '111111', '111111', '111111', '111111', '111111', '111111', '111111', '111111', '111111', '111111', '111111', '111111', '111111', '111111', '111111', '111111', '111111', '111111', '111111'),
(374, 35, 1, '111111', '111111', '111111', '111111', '111111', '111111', '111111', '111111', '111111', '111111', '111111', '111111', '111111', '111111', '111111', '111111', '111111', '111111', '111111', '111111', '111111', '111111', '111111', '111111', '111111', '111111', '111111', '111111', '111111', '111111', '111111'),
(375, 35, 2, '111111', '111111', '111111', '111111', '111111', '111111', '111111', '111111', '111111', '111111', '111111', '111111', '111111', '111111', '111111', '111111', '111111', '111111', '111111', '111111', '111111', '111111', '111111', '111111', '111111', '111111', '111111', '111111', '111111', '111111', '111111'),
(376, 35, 3, '111111', '111111', '111111', '111111', '111111', '111111', '111111', '111111', '111111', '111111', '111111', '111111', '111111', '111111', '111111', '111111', '111111', '111111', '111111', '111111', '111111', '111111', '111111', '111111', '111111', '111111', '111111', '111111', '111111', '111111', '111111'),
(377, 35, 6, '111111', '111111', '111111', '111111', '111111', '111111', '111111', '111111', '111111', '111111', '111111', '111111', '111111', '111111', '111111', '111111', '111111', '111111', '111111', '111111', '111111', '111111', '111111', '111111', '111111', '111111', '111111', '111111', '111111', '111111', '111111'),
(378, 35, 7, '111111', '111111', '111111', '111111', '111111', '111111', '111111', '111111', '111111', '111111', '111111', '111111', '111111', '111111', '111111', '111111', '111111', '111111', '111111', '111111', '111111', '111111', '111111', '111111', '111111', '111111', '111111', '111111', '111111', '111111', '111111'),
(379, 35, 8, '111111', '111111', '111111', '111111', '111111', '111111', '111111', '111111', '111111', '111111', '111111', '111111', '111111', '111111', '111111', '111111', '111111', '111111', '111111', '111111', '111111', '111111', '111111', '111111', '111111', '111111', '111111', '111111', '111111', '111111', '111111'),
(380, 35, 9, '111111', '111111', '111111', '111111', '111111', '111111', '111111', '111111', '111111', '111111', '111111', '111111', '111111', '111111', '111111', '111111', '111111', '111111', '111111', '111111', '111111', '111111', '111111', '111111', '111111', '111111', '111111', '111111', '111111', '111111', '111111'),
(381, 35, 10, '111111', '111111', '111111', '111111', '111111', '111111', '111111', '111111', '111111', '111111', '111111', '111111', '111111', '111111', '111111', '111111', '111111', '111111', '111111', '111111', '111111', '111111', '111111', '111111', '111111', '111111', '111111', '111111', '111111', '111111', '111111'),
(382, 35, 11, '111111', '111111', '111111', '111111', '111111', '111111', '111111', '111111', '111111', '111111', '111111', '111111', '111111', '111111', '111111', '111111', '111111', '111111', '111111', '111111', '111111', '111111', '111111', '111111', '111111', '111111', '111111', '111111', '111111', '111111', '111111'),
(383, 35, 12, '111111', '111111', '111111', '111111', '111111', '111111', '111111', '111111', '111111', '111111', '111111', '111111', '111111', '111111', '111111', '111111', '111111', '111111', '111111', '111111', '111111', '111111', '111111', '111111', '111111', '111111', '111111', '111111', '111111', '111111', '111111'),
(384, 36, 1, '111111', '111111', '111111', '111111', '111111', '111111', '111111', '111111', '111111', '111111', '111111', '111111', '111111', '111111', '111111', '111111', '111111', '111111', '111111', '111111', '111111', '111111', '111111', '111111', '111111', '111111', '111111', '111111', '111111', '111111', '111111'),
(385, 36, 2, '111111', '111111', '111111', '111111', '111111', '111111', '111111', '111111', '111111', '111111', '111111', '111111', '111111', '111111', '111111', '111111', '111111', '111111', '111111', '111111', '111111', '111111', '111111', '111111', '111111', '111111', '111111', '111111', '111111', '111111', '111111'),
(386, 36, 3, '111111', '111111', '111111', '111111', '111111', '111111', '111111', '111111', '111111', '111111', '111111', '111111', '111111', '111111', '111111', '111111', '111111', '111111', '111111', '111111', '111111', '111111', '111111', '111111', '111111', '111111', '111111', '111111', '111111', '111111', '111111'),
(387, 36, 6, '111111', '111111', '111111', '111111', '111111', '111111', '111111', '111111', '111111', '111111', '111111', '111111', '111111', '111111', '111111', '111111', '111111', '111111', '111111', '111111', '111111', '111111', '111111', '111111', '111111', '111111', '111111', '111111', '111111', '111111', '111111'),
(388, 36, 7, '111111', '111111', '111111', '111111', '111111', '111111', '111111', '111111', '111111', '111111', '111111', '111111', '111111', '111111', '111111', '111111', '111111', '111111', '111111', '111111', '111111', '111111', '111111', '111111', '111111', '111111', '111111', '111111', '111111', '111111', '111111'),
(389, 36, 8, '111111', '111111', '111111', '111111', '111111', '111111', '111111', '111111', '111111', '111111', '111111', '111111', '111111', '111111', '111111', '111111', '111111', '111111', '111111', '111111', '111111', '111111', '111111', '111111', '111111', '111111', '111111', '111111', '111111', '111111', '111111'),
(390, 36, 9, '111111', '111111', '111111', '111111', '111111', '111111', '111111', '111111', '111111', '111111', '111111', '111111', '111111', '111111', '111111', '111111', '111111', '111111', '111111', '111111', '111111', '111111', '111111', '111111', '111111', '111111', '111111', '111111', '111111', '111111', '111111'),
(391, 36, 10, '111111', '111111', '111111', '111111', '111111', '111111', '111111', '111111', '111111', '111111', '111111', '111111', '111111', '111111', '111111', '111111', '111111', '111111', '111111', '111111', '111111', '111111', '111111', '111111', '111111', '111111', '111111', '111111', '111111', '111111', '111111'),
(392, 36, 11, '111111', '111111', '111111', '111111', '111111', '111111', '111111', '111111', '111111', '111111', '111111', '111111', '111111', '111111', '111111', '111111', '111111', '111111', '111111', '111111', '111111', '111111', '111111', '111111', '111111', '111111', '111111', '111111', '111111', '111111', '111111'),
(393, 36, 12, '111111', '111111', '111111', '111111', '111111', '111111', '111111', '111111', '111111', '111111', '111111', '111111', '111111', '111111', '111111', '111111', '111111', '111111', '111111', '111111', '111111', '111111', '111111', '111111', '111111', '111111', '111111', '111111', '111111', '111111', '111111'),
(394, 37, 1, '111111', '111111', '111111', '111111', '111111', '111111', '111111', '111111', '111111', '111111', '111111', '111111', '111111', '111111', '111111', '111111', '111111', '111111', '111111', '111111', '111111', '111111', '111111', '111111', '111111', '111111', '111111', '111111', '111111', '111111', '111111'),
(395, 37, 2, '111111', '111111', '111111', '111111', '111111', '111111', '111111', '111111', '111111', '111111', '111111', '111111', '111111', '111111', '111111', '111111', '111111', '111111', '111111', '111111', '111111', '111111', '111111', '111111', '111111', '111111', '111111', '111111', '111111', '111111', '111111'),
(396, 37, 3, '111111', '111111', '111111', '111111', '111111', '111111', '111111', '111111', '111111', '111111', '111111', '111111', '111111', '111111', '111111', '111111', '111111', '111111', '111111', '111111', '111111', '111111', '111111', '111111', '111111', '111111', '111111', '111111', '111111', '111111', '111111'),
(397, 37, 6, '111111', '111111', '111111', '111111', '111111', '111111', '111111', '111111', '111111', '111111', '111111', '111111', '111111', '111111', '111111', '111111', '111111', '111111', '111111', '111111', '111111', '111111', '111111', '111111', '111111', '111111', '111111', '111111', '111111', '111111', '111111'),
(398, 37, 7, '111111', '111111', '111111', '111111', '111111', '111111', '111111', '111111', '111111', '111111', '111111', '111111', '111111', '111111', '111111', '111111', '111111', '111111', '111111', '111111', '111111', '111111', '111111', '111111', '111111', '111111', '111111', '111111', '111111', '111111', '111111'),
(399, 37, 8, '111111', '111111', '111111', '111111', '111111', '111111', '111111', '111111', '111111', '111111', '111111', '111111', '111111', '111111', '111111', '111111', '111111', '111111', '111111', '111111', '111111', '111111', '111111', '111111', '111111', '111111', '111111', '111111', '111111', '111111', '111111'),
(400, 37, 9, '111111', '111111', '111111', '111111', '111111', '111111', '111111', '111111', '111111', '111111', '111111', '111111', '111111', '111111', '111111', '111111', '111111', '111111', '111111', '111111', '111111', '111111', '111111', '111111', '111111', '111111', '111111', '111111', '111111', '111111', '111111'),
(401, 37, 10, '111111', '111111', '111111', '111111', '111111', '111111', '111111', '111111', '111111', '111111', '111111', '111111', '111111', '111111', '111111', '111111', '111111', '111111', '111111', '111111', '111111', '111111', '111111', '111111', '111111', '111111', '111111', '111111', '111111', '111111', '111111'),
(402, 37, 11, '111111', '111111', '111111', '111111', '111111', '111111', '111111', '111111', '111111', '111111', '111111', '111111', '111111', '111111', '111111', '111111', '111111', '111111', '111111', '111111', '111111', '111111', '111111', '111111', '111111', '111111', '111111', '111111', '111111', '111111', '111111'),
(403, 37, 12, '111111', '111111', '111111', '111111', '111111', '111111', '111111', '111111', '111111', '111111', '111111', '111111', '111111', '111111', '111111', '111111', '111111', '111111', '111111', '111111', '111111', '111111', '111111', '111111', '111111', '111111', '111111', '111111', '111111', '111111', '111111');

-- --------------------------------------------------------

--
-- Table structure for table `regist`
--

CREATE TABLE `regist` (
  `ownerid` int(11) NOT NULL,
  `name` varchar(50) COLLATE utf8mb4_unicode_ci NOT NULL,
  `email` varchar(50) COLLATE utf8mb4_unicode_ci NOT NULL,
  `nrc` varchar(50) COLLATE utf8mb4_unicode_ci NOT NULL,
  `address` varchar(50) COLLATE utf8mb4_unicode_ci NOT NULL,
  `phone` varchar(50) COLLATE utf8mb4_unicode_ci NOT NULL,
  `dob` date NOT NULL,
  `password` varchar(50) COLLATE utf8mb4_unicode_ci NOT NULL,
  `img` varchar(255) COLLATE utf8mb4_unicode_ci NOT NULL,
  `created_date` datetime NOT NULL,
  `updated_date` datetime NOT NULL
) ENGINE=InnoDB DEFAULT CHARSET=utf8mb4 COLLATE=utf8mb4_unicode_ci;

--
-- Dumping data for table `regist`
--

INSERT INTO `regist` (`ownerid`, `name`, `email`, `nrc`, `address`, `phone`, `dob`, `password`, `img`, `created_date`, `updated_date`) VALUES
(0, 'zayar', 'zayar@gmail.com', '13/thakata(C)123456', 'Thakayta, Yangon', '09-123456', '1999-02-02', 'zy123456', '', '2019-06-25 23:19:01', '2019-06-25 23:19:01'),
(1, 'Mg Mg', 'mm@gmail.com', '7/manyana(N)-3497493', 'No-63 , 7/2 Ward , Yangon,South Dagon', '09-384793734', '2000-06-06', 'mm123456', '', '2019-06-21 09:39:43', '2019-06-21 20:55:53');

-- --------------------------------------------------------

--
-- Table structure for table `salary`
--

CREATE TABLE `salary` (
  `SalId` int(11) NOT NULL,
  `StuId` int(11) NOT NULL,
  `StuName` varchar(250) NOT NULL,
  `Email` varchar(250) NOT NULL,
  `PhoneNo` varchar(250) NOT NULL,
  `January` int(11) DEFAULT NULL,
  `February` int(11) DEFAULT NULL,
  `March` int(11) DEFAULT NULL,
  `April` int(11) DEFAULT NULL,
  `May` int(11) DEFAULT NULL,
  `June` int(11) DEFAULT NULL,
  `July` int(11) DEFAULT NULL,
  `August` int(11) DEFAULT NULL,
  `September` int(11) DEFAULT NULL,
  `October` int(11) DEFAULT NULL,
  `November` int(11) DEFAULT NULL,
  `December` int(11) DEFAULT NULL,
  `Year` int(11) NOT NULL
) ENGINE=InnoDB DEFAULT CHARSET=latin1;

--
-- Dumping data for table `salary`
--

INSERT INTO `salary` (`SalId`, `StuId`, `StuName`, `Email`, `PhoneNo`, `January`, `February`, `March`, `April`, `May`, `June`, `July`, `August`, `September`, `October`, `November`, `December`, `Year`) VALUES
(1, 13, 'Soe Soe', 'soesoe123@gmail.com', '0925667687', 30000, NULL, NULL, NULL, NULL, NULL, NULL, NULL, NULL, NULL, NULL, NULL, 2019),
(2, 14, 'Thuta', 'thuta123@gmail.com', '09976542111', 35000, NULL, NULL, NULL, NULL, NULL, NULL, NULL, NULL, NULL, NULL, NULL, 2019),
(3, 15, 'Thet Thet', 'thetthet456@gamil.com', '09258883453', 40000, NULL, NULL, NULL, NULL, NULL, NULL, NULL, NULL, NULL, NULL, NULL, 2019),
(4, 16, 'Thant Thant', 'zawthantlwin123@gamil.com', '09973227643', 45000, NULL, NULL, NULL, NULL, NULL, NULL, NULL, NULL, NULL, NULL, NULL, 2019);

-- --------------------------------------------------------

--
-- Table structure for table `salarycheck`
--

CREATE TABLE `salarycheck` (
  `CheckId` int(11) NOT NULL,
  `StuId` int(11) NOT NULL,
  `January` int(11) DEFAULT NULL,
  `February` int(11) DEFAULT NULL,
  `March` int(11) DEFAULT NULL,
  `April` int(11) DEFAULT NULL,
  `May` int(11) DEFAULT NULL,
  `June` int(11) DEFAULT NULL,
  `July` int(11) DEFAULT NULL,
  `August` int(11) DEFAULT NULL,
  `September` int(11) DEFAULT NULL,
  `October` int(11) DEFAULT NULL,
  `November` int(11) DEFAULT NULL,
  `December` int(11) DEFAULT NULL,
  `Year` int(11) NOT NULL
) ENGINE=InnoDB DEFAULT CHARSET=latin1;

--
-- Dumping data for table `salarycheck`
--

INSERT INTO `salarycheck` (`CheckId`, `StuId`, `January`, `February`, `March`, `April`, `May`, `June`, `July`, `August`, `September`, `October`, `November`, `December`, `Year`) VALUES
(11, 13, 110, NULL, NULL, NULL, NULL, NULL, NULL, NULL, NULL, NULL, NULL, NULL, 2019),
(12, 14, 100, NULL, NULL, NULL, NULL, NULL, NULL, NULL, NULL, NULL, NULL, NULL, 2019);

-- --------------------------------------------------------

--
-- Table structure for table `school`
--

CREATE TABLE `school` (
  `SId` int(11) NOT NULL,
  `SName` varchar(250) COLLATE ascii_bin NOT NULL,
  `Type` varchar(250) COLLATE ascii_bin NOT NULL,
  `Assign` tinyint(1) DEFAULT NULL,
  `ContactNo` varchar(250) COLLATE ascii_bin NOT NULL,
  `Township` varchar(250) COLLATE ascii_bin NOT NULL,
  `Address` varchar(250) COLLATE ascii_bin NOT NULL,
  `Photo` varchar(250) COLLATE ascii_bin DEFAULT NULL,
  `Coordinate` varchar(250) COLLATE ascii_bin DEFAULT NULL
) ENGINE=InnoDB DEFAULT CHARSET=ascii COLLATE=ascii_bin;

--
-- Dumping data for table `school`
--

INSERT INTO `school` (`SId`, `SName`, `Type`, `Assign`, `ContactNo`, `Township`, `Address`, `Photo`, `Coordinate`) VALUES
(1, 'Ahlone B.E.H.S [4]', 'High School', 0, '01-221406, 09-422563789 ', 'Ahlone', '42/46, Lower Kyee Myin Daing Rd., Corner of Baho Rd., Saw Yan Paing (East) Ward', 'images/school/AhloneBEHS4.jpg', '10701754.81810116,1895378.5549193055'),
(2, 'Ahlone B.E.H.S [6]', 'High School', 0, '01-220790, 09-73104410', 'Ahlone', '97, Min Ye Kyaw Swar Rd., Saw Yan Paing (South) Ward', 'images/school/AhloneBEHS6.jpg', '10701331.893091736,1896205.0712822382'),
(3, 'Bahan B.E.H.S [1]', 'High School', 0, '01-559893, 09-797320895', 'Bahan', '241, Dhama Zayti Rd., Shwe Taung Gyar Ward (2)', 'images/school/BahanBEHS1.jpg', '10703645.112110421,1898490.0005284196'),
(4, 'Bahan B.E.H.S [2]', 'High School', 0, '01-554107, 01-548965, 09-971352470 ', 'Bahan', '106, Kaba Aye Pagoda Rd., Saya San Ward', 'images/school/BahanBEHS2.jpg', '10704083.154306693,1899884.6795079806'),
(5, 'Bahan B.E.M.S [3]', 'Middle School', 0, '01-555687, 09-421103256 ', 'Bahan ', 'Shwe Gon Daing Rd., Shwe Gon Daing (West) Ward', 'images/school/BahanBEMS3.jpg', '10703136.493356986,1898180.5619077606'),
(6, 'Botahtaung B.E.H.S [2]', 'High School', 1, '01-291523, 09-450002684', 'Botahtaung', '146, Bo Myat Tun St.', 'images/school/BotahtaungBEHS2.jpg', '10705675.913580963,1894419.7351527424'),
(7, 'Botahtaung B.E.H.S [3]', 'High School', 1, '01-294322, 09-421063377', 'Botahtaung', '276/281, Bo Myat Tun St', 'images/school/BotahtaungBEHS3.jpg', '10705637.174398167,1895052.9287080038'),
(8, 'Botahtaung B.E.H.S [4]', 'High School', 1, '01-294127, 09-796669736', 'Botahtaung', '300, Thein Phyu Rd.', 'images/school/BotahtaungBEHS4.jpg', '10705334.274063718,1895051.8822842964'),
(9, 'Botahtaung B.E.H.S [5]', 'High School', 1, '01-298069 ', 'Botahtaung ', '168, Anawrahta Rd.', 'images/school/BotahtaungBEHS5.jpg', '10705372.345329572,1894849.690900005'),
(10, 'Botahtaung B.E.H.S [6]', 'High School', 1, '01-245462, 09-421045159', 'Botahtaung ', '34, Anawrahta Rd.', 'images/school/BotahtaungBEHS6p.jpg', '10705141.691344647,1894924.9165755596'),
(11, 'Botahtaung B.E.M.S [2]', 'Middle School', 1, '01-291254 ', 'Botahtaung ', 'Say Yone St., Ayeyar Waddy Navy Force Compound', 'images/school/BotahtaungBEMS2.png', '10707626.898976607,1894032.6891203215'),
(12, 'Dagon B.E.H.S [1]', 'High School', 1, '01-252909, 09-5413135', 'Dagon', '57, Alanpya Pagoda Rd., Corner of Nawaday St., Yaw Min Gyi Ward', 'images/school/DagonBEHS1.jpg', '10704142.93287325,1895768.8104090567'),
(13, 'Dagon B.E.H.S [2]', 'High School', 1, '01-379660, 09-799535882', 'Dagon', '353, Myoma Kyaung Rd., Corner of Sagawah St., Pyay (East) Ward', 'images/school/DagonBEHS2.jpg', '10703098.088132663,1895911.4779286045'),
(14, 'Dagon B.E.H.S [3]', 'High School', 1, '01-222746, 09-448053763', 'Dagon', '14, Taw Win St., Corner of Than Ta Man St., Pyay (West) Ward,', 'images/school/DagonBEHS3.jpg', '10702221.335823176,1895950.8947896424'),
(15, 'Kamayut B.E.H.S [T.T.C]', 'High School', 1, '01-534332, 01-505610 ', 'Kamayut', 'Pyay Rd., Ward (9)', 'images/school/KamayutTTC.jpg', '10701636.652461682,1899691.7589696879'),
(16, 'Lanmadaw B.E.H.S [1]', 'High School', 1, '09-421165875', 'Lanmadaw', '120/140, Min Ye Kyaw Swar Rd.', 'images/school/LanmadawBEHS1.jpg', '10701988.678087419,1895651.6074639147'),
(17, 'Lanmadaw B.E.H.S [2]', 'High School', 1, '01-222257', 'Lanmadaw', '230/234, Anawrahta Rd.', 'images/school/LanmadawBEHS2.jpg', '10702629.655715406,1894958.285697566'),
(18, 'Latha B.E.H.S [1]', 'High School', 1, '01-374821, 01-378310, 01-240097, 09-5166546, 09-31120050', 'Latha', '112, Bogyoke Aung San Rd.', 'images/school/LathaBEHS1.jpg', '10703646.113985838,1895225.2404878815'),
(19, 'Latha B.E.H.S [2]', 'High School', 0, '01-378446, 01-384218', 'Latha', '112, Bogyoke Aung San Rd.', 'images/school/LathaBEHS2.jpg', '10703345.440041207,1895269.8882937946'),
(20, 'Mingalardon B.E.H.S [2]', 'High School', 1, '01-635385, 09-5068214', 'Mingalardon', 'Pyay Rd., Kha Yae Pin Junction, Mingalardon Zay Ward', 'images/school/MingalardonBEHS2.jpg', '10701297.718008064,1912309.5153133096'),
(21, 'Mingalardon B.E.H.S [4]', 'High School', 1, '01-638065, 09-420240168', 'Mingalardon ', 'No.(3) Main Rd., Padamyar Myoe Thit, Padamyar Myoe Thit', 'images/school/MingalardonBEHS4.jpg', '10702042.22276249,1920589.7853748489'),
(22, 'Pabedan B.E.H.S [1]', 'High School', 0, '01-375350, 01-381383 ', 'Pabedan', '270, Shwe Dagon Pagoda Rd.', 'images/school/PabedanBEHS1.jpg', '10703834.46656426,1895340.9296501454'),
(23, 'Pabedan B.E.H.S [2]', 'High School', 0, '01-376875', 'Pabedan', '124/142, Shwe Bon Tha St.', 'images/school/PabedanBEHS2.jpg', '10704048.645264547,1894540.6520945244'),
(24, 'Yankin B.E.H.S [2]', 'High School', 0, '01-562967', 'Yankin', '4, Thamardi St., Kyauk Kone, Ward (14)', 'images/school/YankinBEHS2.jpg', '10705154.047808124,1901582.183252201'),
(25, 'Yankin B.E.M.S [4]', 'Middle School', 1, '01-553673 ', 'Yankin', 'Marlar Myaing St., Bauk Htaw, Ward (16)', 'images/school/YankinBEMS4.jpg', '10706157.593017627,1901037.5396493145'),
(26, 'Yankin TTC', 'Middle School', 0, '01-577072, 09-420055619', 'Yankin', 'Thitsar Rd., Yankin Education College, Ward (11)', 'images/school/YankinTTC.jpg', '10704710.773595786,1901817.8158565355');

-- --------------------------------------------------------

--
-- Table structure for table `student`
--

CREATE TABLE `student` (
  `StuId` int(11) NOT NULL,
  `StuName` varchar(250) COLLATE ascii_bin NOT NULL,
  `Email` varchar(250) COLLATE ascii_bin NOT NULL,
  `Grade` varchar(250) COLLATE ascii_bin DEFAULT NULL,
  `PhoneNo` varchar(250) COLLATE ascii_bin NOT NULL,
  `Address` varchar(250) COLLATE ascii_bin NOT NULL,
  `Amount` int(11) NOT NULL,
  `Coordinate` varchar(250) COLLATE ascii_bin DEFAULT NULL,
  `SId` int(11) DEFAULT NULL,
  `SubId` int(11) NOT NULL,
  `PId` int(11) NOT NULL,
  `Photo` varchar(250) COLLATE ascii_bin NOT NULL,
  `Rating` int(11) NOT NULL,
  `PPassword` varchar(250) COLLATE ascii_bin NOT NULL,
  `Pforgotidentity` varchar(250) COLLATE ascii_bin DEFAULT NULL,
  `Pcreated` datetime NOT NULL,
  `Pmodified` datetime NOT NULL,
  `YN` tinyint(1) NOT NULL
) ENGINE=InnoDB DEFAULT CHARSET=ascii COLLATE=ascii_bin;

--
-- Dumping data for table `student`
--

INSERT INTO `student` (`StuId`, `StuName`, `Email`, `Grade`, `PhoneNo`, `Address`, `Amount`, `Coordinate`, `SId`, `SubId`, `PId`, `Photo`, `Rating`, `PPassword`, `Pforgotidentity`, `Pcreated`, `Pmodified`, `YN`) VALUES
(1, 'Mg Mg', 'mgmg123@gmail.com', 'Grade-5', '09786543212', 'Yangon', 0, '10701951.751785773,1904180.7517426496', 4, 3, 1, 'Uploads/P15.jpeg', 2, 'mgmg1234', NULL, '0000-00-00 00:00:00', '0000-00-00 00:00:00', 1),
(2, 'Kyaw Kyaw', 'kyawkyaw123@gmail.com', 'Grade-6', '09944242311', 'Thingangyun Yangon', 0, '10701029.511488992,1902848.6270649698', 4, 3, 2, 'Uploads/blank.png', 0, 'kyawkyaw123', NULL, '0000-00-00 00:00:00', '0000-00-00 00:00:00', 1),
(3, 'Tun Tun', 'tuntun123@gamil.com', 'Grade-7', '09971554354', 'Yankin Yangon', 0, '10704394.023979041,1902541.2136327095', 4, 3, 3, 'Uploads/blank.png', 0, 'tuntun1234', NULL, '0000-00-00 00:00:00', '0000-00-00 00:00:00', 1),
(4, 'Zaw Zaw', 'zawthantlwin123@gmail.com', 'Grade-5', '09973227643', 'Yankin Yangon', 0, '10702515.34307825,1900782.0403135076', 4, 3, 4, 'Uploads/blank.png', 0, 'zawthantlwin123', NULL, '0000-00-00 00:00:00', '0000-00-00 00:00:00', 1),
(5, 'Aung Aung', 'aungaung@gamil.com', 'Grade-6', '09258442387', 'Thingangyun Yangon', 0, NULL, 4, 4, 5, 'Uploads/blank.png', 5, 'aungaung123', NULL, '0000-00-00 00:00:00', '0000-00-00 00:00:00', 1),
(6, 'Aye Aye', 'ayeaye123@gmail.com', 'Grade-7', '09977245877', 'Yankin Yangon', 0, NULL, 4, 4, 6, 'Uploads/blank.png', 5, 'ayeaye123', NULL, '0000-00-00 00:00:00', '0000-00-00 00:00:00', 1),
(7, 'Mya Mya', 'myamya123@gamil.com', 'Grade-5', '09257883132', 'Thingangyun Yangon', 0, NULL, 4, 4, 7, 'Uploads/blank.png', 5, 'myamya123', NULL, '0000-00-00 00:00:00', '0000-00-00 00:00:00', 1),
(8, 'Myo Myo', 'myophyu123@gmail.com', 'Grade-6', '0927001562', 'Yankin Yangon', 0, NULL, 4, 4, 8, 'Uploads/blank.png', 5, 'myophyu123', NULL, '0000-00-00 00:00:00', '0000-00-00 00:00:00', 1),
(9, 'Arkar', 'arkar123@gmail.com', 'Grade-8', '09257889865', 'Yankin Yangon', 30000, '10702568.175070412,1900658.2627164898', 4, 1, 9, 'Uploads/blank.png', 5, 'arkar123', NULL, '0000-00-00 00:00:00', '0000-00-00 00:00:00', 1),
(10, 'Hlaing Hlaing', 'hlainghlaing123@gamil.com', 'Grade-9', '09256778798', 'Thingangyun Yangon', 35000, '10708528.408801635,1902447.4400002102', 4, 1, 10, 'Uploads/blank.png', 5, 'hlainghlaing123', NULL, '0000-00-00 00:00:00', '0000-00-00 00:00:00', 1),
(11, 'Khine Khine', 'khinehtet123@gmail.com', 'Grade-10', '09253221234', 'Yankin Yangon', 35000, '10706489.834563566,1898116.135139282', 4, 1, 11, 'Uploads/blank.png', 5, 'khinehtet123', NULL, '0000-00-00 00:00:00', '0000-00-00 00:00:00', 1),
(12, 'Phyu Phyu', 'myophyu123@gmail.com', 'Grade-8', '09257001562', 'Yankin Yangon', 40000, '10706385.513882795,1902244.644005371', 4, 1, 8, 'Uploads/blank.png', 5, 'myophyu123', NULL, '0000-00-00 00:00:00', '0000-00-00 00:00:00', 1),
(13, 'Soe Soe', 'soesoe123@gmail.com', 'Grade-9', '09256676874', 'Thingangyun Yangon', 30000, '10702568.175070412,1900658.2627164898', 4, 2, 12, 'Uploads/P45.jpg', 4, 'soesoe123', NULL, '0000-00-00 00:00:00', '0000-00-00 00:00:00', 1),
(14, 'Thuta', 'thuta123@gmail.com', 'Grade-10', '09976542111', 'Yankin Yangon', 35000, '10708528.408801635,1902447.4400002102', 4, 2, 13, 'Uploads/blank.png', 4, 'thuta1234', NULL, '0000-00-00 00:00:00', '0000-00-00 00:00:00', 1),
(15, 'Thet Thet', 'thetthet456@gamil.com', 'Grade-8', '09258883453', 'Thingangyun Yangon', 40000, '10706489.834563566,1898116.135139282', 4, 2, 14, 'Uploads/blank.png', 4, 'thetthet456', NULL, '0000-00-00 00:00:00', '0000-00-00 00:00:00', 1),
(16, 'Thant Thant', 'zawthantlwin123@gamil.com', 'Grade-9', '09973227643', 'Yankin Yangon', 35000, '10702000,1905000', 4, 2, 4, 'Uploads/blank.png', 4, 'zawthantlwin123', NULL, '0000-00-00 00:00:00', '0000-00-00 00:00:00', 1),
(17, 'Thein Thein', 'theinthein123@gmail.com', 'Grade-1', '09258993243', 'Thingangyun Yangon', 0, NULL, 20, 1, 15, 'Uploads/blank.png', 0, 'theinthein123', NULL, '0000-00-00 00:00:00', '0000-00-00 00:00:00', 1),
(18, 'Thiha', 'thiha123@gmail.com', 'Grade-2', '09976553245', 'Yankin Yangon', 0, NULL, 20, 1, 16, 'Uploads/blank.png', 0, 'thiha1234', NULL, '0000-00-00 00:00:00', '0000-00-00 00:00:00', 1),
(19, 'Naing Naing', 'naingnaing123@gamil.com', 'Grade-3', '09258771234', 'Thingangyun Yangon', 0, NULL, 20, 1, 17, 'Uploads/blank.png', 0, 'naingnaing123', NULL, '0000-00-00 00:00:00', '0000-00-00 00:00:00', 1),
(20, 'Lwin Lwin', 'zawthantlwin123@gmail.com', 'Grade-4', '09973227643', 'Yankin Yangon', 0, NULL, 20, 1, 4, 'Uploads/blank.png', 0, 'zawthantlwin123', NULL, '0000-00-00 00:00:00', '0000-00-00 00:00:00', 1),
(21, 'Myat Myat', 'myatmyat456@gmail.com', 'Grade-5', '09258774598', 'Yankin Yangon', 0, NULL, 25, 1, 18, 'Uploads/blank.png', 5, 'myatmyat456', NULL, '0000-00-00 00:00:00', '0000-00-00 00:00:00', 1),
(22, 'Myint Myint', 'myintmyint145@gmail.com', 'Grade-6', '09976543232', 'Yankin Yangon', 0, NULL, 25, 1, 19, 'Uploads/blank.png', 5, 'myintmyint145', NULL, '0000-00-00 00:00:00', '0000-00-00 00:00:00', 1),
(23, 'Htet Htet', 'khinehtet123@gmail.com', 'Grade-7', '09253221234', 'Yankin Yangon', 0, NULL, 25, 1, 11, 'Uploads/blank.png', 5, 'khinehtet123', NULL, '0000-00-00 00:00:00', '0000-00-00 00:00:00', 1),
(24, 'Chan Min Aung', 'chanminaung@gmail.com', 'Grade-8', '09796527627', 'Thingangyun Yangon', 0, NULL, 25, 1, 20, 'Uploads/blank.png', 5, 'chanminaung', NULL, '0000-00-00 00:00:00', '0000-00-00 00:00:00', 1),
(30, 'zayar', 'zayar123@gmail.com', 'Grade-9', '09798467356', 'Tharkayta Yangon', 0, '10700738.868873303,1904881.8759832524', 15, 1, 28, 'Uploads/blank.png', 60, 'zayar1234', NULL, '0000-00-00 00:00:00', '0000-00-00 00:00:00', 1),
(33, 'Mg New', 'new123@gmail.com', 'Grade-9', '09787878787', 'Yangon', 0, NULL, 4, 1, 42, '', 0, '', NULL, '0000-00-00 00:00:00', '0000-00-00 00:00:00', 1),
(37, 'Mg thuta', 'thuta123@gmail.com', 'Grade-8', '09421876547', 'Yangon', 0, '10700662.799089446,1905922.9167867528', 1, 1, 46, '', 0, '', NULL, '0000-00-00 00:00:00', '0000-00-00 00:00:00', 1);

-- --------------------------------------------------------

--
-- Table structure for table `users`
--

CREATE TABLE `users` (
  `userid` int(8) NOT NULL,
  `first_name` varchar(55) NOT NULL,
  `last_name` varchar(55) NOT NULL,
  `city_name` varchar(55) NOT NULL,
  `email` varchar(50) NOT NULL
) ENGINE=InnoDB DEFAULT CHARSET=latin1;

--
-- Indexes for dumped tables
--

--
-- Indexes for table `assign`
--
ALTER TABLE `assign`
  ADD PRIMARY KEY (`ProId`);

--
-- Indexes for table `car`
--
ALTER TABLE `car`
  ADD PRIMARY KEY (`CId`);

--
-- Indexes for table `driver`
--
ALTER TABLE `driver`
  ADD PRIMARY KEY (`DId`);

--
-- Indexes for table `owner`
--
ALTER TABLE `owner`
  ADD PRIMARY KEY (`Id`);

--
-- Indexes for table `parent`
--
ALTER TABLE `parent`
  ADD PRIMARY KEY (`PId`);

--
-- Indexes for table `pickup`
--
ALTER TABLE `pickup`
  ADD PRIMARY KEY (`ProId`);

--
-- Indexes for table `salary`
--
ALTER TABLE `salary`
  ADD PRIMARY KEY (`SalId`);

--
-- Indexes for table `salarycheck`
--
ALTER TABLE `salarycheck`
  ADD PRIMARY KEY (`CheckId`);

--
-- Indexes for table `student`
--
ALTER TABLE `student`
  ADD PRIMARY KEY (`StuId`);

--
-- AUTO_INCREMENT for dumped tables
--

--
-- AUTO_INCREMENT for table `assign`
--
ALTER TABLE `assign`
  MODIFY `ProId` int(11) NOT NULL AUTO_INCREMENT, AUTO_INCREMENT=13;

--
-- AUTO_INCREMENT for table `car`
--
ALTER TABLE `car`
  MODIFY `CId` int(11) NOT NULL AUTO_INCREMENT, AUTO_INCREMENT=7;

--
-- AUTO_INCREMENT for table `driver`
--
ALTER TABLE `driver`
  MODIFY `DId` int(11) NOT NULL AUTO_INCREMENT, AUTO_INCREMENT=9;

--
-- AUTO_INCREMENT for table `owner`
--
ALTER TABLE `owner`
  MODIFY `Id` int(11) NOT NULL AUTO_INCREMENT, AUTO_INCREMENT=7;

--
-- AUTO_INCREMENT for table `parent`
--
ALTER TABLE `parent`
  MODIFY `PId` int(11) NOT NULL AUTO_INCREMENT, AUTO_INCREMENT=47;

--
-- AUTO_INCREMENT for table `pickup`
--
ALTER TABLE `pickup`
  MODIFY `ProId` int(11) NOT NULL AUTO_INCREMENT, AUTO_INCREMENT=404;

--
-- AUTO_INCREMENT for table `salary`
--
ALTER TABLE `salary`
  MODIFY `SalId` int(11) NOT NULL AUTO_INCREMENT, AUTO_INCREMENT=5;

--
-- AUTO_INCREMENT for table `salarycheck`
--
ALTER TABLE `salarycheck`
  MODIFY `CheckId` int(11) NOT NULL AUTO_INCREMENT, AUTO_INCREMENT=13;

--
-- AUTO_INCREMENT for table `student`
--
ALTER TABLE `student`
  MODIFY `StuId` int(11) NOT NULL AUTO_INCREMENT, AUTO_INCREMENT=38;
COMMIT;

/*!40101 SET CHARACTER_SET_CLIENT=@OLD_CHARACTER_SET_CLIENT */;
/*!40101 SET CHARACTER_SET_RESULTS=@OLD_CHARACTER_SET_RESULTS */;
/*!40101 SET COLLATION_CONNECTION=@OLD_COLLATION_CONNECTION */;
